TY,Artist 1,Song Title,Category,LY,WOC,Weeks at No.1,Score,Tempo,Year,Gender,,,,,,Last Played
1,Abba,Dancing Queen,A,1,,,100,4,1976,Group,,,,,,24/04/2026 23:07
2,Queen,Bohemian Rhapsody,A,5,,,100,3,1975,Group,,,,,,25/04/2026 08:43
3,Neil Diamond,Sweet Caroline,A,3,,,100,3,1971,M,,,,,,25/04/2026 08:45
4,Bob Marley,Three Little Birds,A,2,,,100,2,1977,M,,,,,,25/04/2026 07:59
5,Queen,I Want To Break Free,A,24,,,100,4,1984,Group,,,,,,25/04/2026 07:39
6,Pharrell Williams,Happy,A,6,,,100,5,2013,M,,,,,,25/04/2026 08:42
7,Gerry & The Pacemakers,You'll Never Walk Alone,A,28,,,100,1,1963,Group,,,,,,25/04/2026 07:49
8,The Eagles,Hotel California,A,8,,,100,2,1976,Group,,,,,,25/04/2026 08:36
9,Frank Sinatra,My Way,A,4,,,100,1,1965,M,,,,,,25/04/2026 08:55
10,The Beatles,Here Comes The Sun,A,13,,,100,3,2011,Group,,,,,,25/04/2026 09:02
11,Kenny Rogers & Dolly Parton,Islands In The Stream,A,7,,,100,3,1983,Group,,,,,,25/04/2026 08:35
12,Whitney Houston,I Will Always Love You,A,107,,,100,3,1981,F,,,,,,25/04/2026 09:28
13,Cliff Richard,Summer Holiday,A,11,,,100,3,1977,M,,,,,,25/04/2026 07:53
14,Righteous Brothers,Unchained Melody,A,79,,,100,3,1981,M,,,,,,25/04/2026 07:39
15,Simon & Garfunkel,Bridge Over Troubled Water,A,19,,,100,3,1964,Group,,,,,,25/04/2026 08:42
16,Alex Warren,Ordinary,A,0,,,100,3,1979,M,,,,,,25/04/2026 07:52
17,Pink Floyd,Comfortably Numb,A,173,,,100,3,1994,Group,,,,,,25/04/2026 09:09
18,Elvis Presley,Jailhouse Rock,A,64,,,100,3,1985,M,,,,,,24/04/2026 22:49
19,Disturbed,The Sound Of Silence,A,0,,,100,3,2006,M,,,,,,25/04/2026 08:15
20,Abba,Thank You For The Music,A,170,,,100,3,1978,Group,,,,,,25/04/2026 07:42
21,Roy Orbison,"Oh, Pretty Woman",A,52,,,100,3,1979,M,,,,,,24/04/2026 22:49
22,Meatloaf,Bat Out Of Hell,A,56,,,100,3,1962,M,,,,,,25/04/2026 08:19
23,Katrina & The Waves,Walking On Sunshine,A,14,,,100,3,1968,Group,,,,,,25/04/2026 08:35
24,Wham!,Last Christmas,A,39,,,100,3,1974,M,,,,,,25/04/2026 08:12
25,Benson Boone,Beautiful Things,A,137,,,100,3,2014,M,,,,,,25/04/2026 07:29
26,Celine Dion,My Heart Will Go On,A,22,,,100,3,2012,M,,,,,,25/04/2026 08:24
27,Lady Gaga,Die With A Smile,A,215,,,100,3,1968,M,,,,,,24/04/2026 23:13
28,Robbie Williams,Angels,A,41,,,100,3,1981,M,,,,,,25/04/2026 08:26
29,Elvis Presley,Love Me Tender,A,10,,,100,3,1975,M,,,,,,25/04/2026 07:51
30,Frank Sinatra,Fly Me To The Moon,A,90,,,100,3,1977,M,,,,,,25/04/2026 09:22
31,Louis Armstrong,What A Wonderful World,A,20,,,100,3,2010,M,,,,,,25/04/2026 08:19
32,Ben E. King,Stand By Me,A,184,,,100,3,1980,M,,,,,,25/04/2026 07:39
33,Ed Sheeran,Perfect,A,16,,,100,3,2013,M,,,,,,25/04/2026 08:09
34,Jim Reeves,I Love You Because,A,33,,,100,3,1984,M,,,,,,25/04/2026 00:46
35,Elvis Presley,The Wonder Of You,A,21,,,100,3,1971,M,,,,,,25/04/2026 07:39
36,Oasis,Wonderwall,A,70,,,100,3,1975,Group,,,,,,25/04/2026 08:32
37,D:Ream,Things Can Only Get Better,A,92,,,100,3,1969,M,,,,,,25/04/2026 08:56
38,Fern Kinney,Together We Are Beautiful,A,0,,,100,3,2013,M,,,,,,25/04/2026 09:15
39,Elvis Presley,Always On My Mind,A,75,,,100,3,1984,M,,,,,,25/04/2026 07:46
40,Chris Rea,Driving Home For Christmas,A,61,,,100,3,1986,M,,,,,,25/04/2026 08:17
41,The Beatles,She Loves You,A,124,,,100,3,2013,Group,,,,,,25/04/2026 08:49
42,Rod Stewart,Sailing,A,106,,,100,3,1983,M,,,,,,25/04/2026 08:49
43,Frank Sinatra,Strangers In The Night,A,45,,,100,3,2017,M,,,,,,25/04/2026 09:22
44,Abba,Mamma Mia,A,29,,,100,3,1967,Group,,,,,,25/04/2026 07:39
45,Chris De Burgh,Lady In Red,A,94,,,100,3,1965,M,,,,,,24/04/2026 23:42
46,UB40,Red Red Wine,A,111,,,100,3,1987,M,,,,,,25/04/2026 07:41
47,The Animals,We Gotta Get Out Of This Place,A,413,,,100,3,1976,Group,,,,,,25/04/2026 09:02
48,Elton John,I'm Still Standing,A,118,,,100,3,1977,M,,,,,,25/04/2026 09:16
49,Electric Light Orchestra,Mr Blue Sky,A,119,,,100,3,1981,Group,,,,,,25/04/2026 08:29
50,Four Tops,Loco In Acapulco,A,162,,,100,3,1982,M,,,,,,25/04/2026 09:21
51,Elvis Presley,Blue Suede Shoes,A,15,,,100,3,1975,M,,,,,,25/04/2026 07:44
52,Billy Joel,Piano Man,A,221,,,100,2,1974,M,,,,,,25/04/2026 08:10
53,Elvis Presley,Can't Help Falling In Love,A,44,,,100,3,1980,M,,,,,,25/04/2026 07:39
54,Elvis Presley,Return To Sender,A,226,,,100,3,1979,M,,,,,,25/04/2026 08:36
55,Billy Ocean,"When The Going Gets Tough, The Tough Get Going",A,395,,,100,3,1983,M,,,,,,25/04/2026 00:20
56,Coldplay,Fix You,A,244,,,100,3,2011,Group,,,,,,25/04/2026 08:48
57,Patsy Cline,Crazy,A,209,,,100,3,1983,M,,,,,,25/04/2026 08:02
58,Simon & Garfunkel,Sound Of Silence,A,728,,,100,3,2008,Group,,,,,,25/04/2026 09:03
59,Cliff Richard,Living Doll,A,43,,,100,3,1983,M,,,,,,25/04/2026 08:43
60,The Animals,House Of The Rising Sun,A,182,,,100,3,2014,Group,,,,,,25/04/2026 09:08
61,Elvis Presley,Suspicious Minds,A,9,,,100,3,1967,M,,,,,,25/04/2026 07:41
62,The Beatles,Love Me Do,A,197,,,100,3,1981,Group,,,,,,25/04/2026 07:39
63,Bette Midler,Wind Beneath My Wings,A,73,,,100,3,1974,M,,,,,,25/04/2026 07:49
64,Cat Stevens,Morning Has Broken,A,645,,,100,3,1991,M,,,,,,25/04/2026 09:15
65,Led Zeppelin,Stairway To Heaven,A,87,,,100,3,1987,Group,,,,,,24/04/2026 23:29
66,Johnny Cash,Ring Of Fire,A,27,,,100,3,1981,M,,,,,,25/04/2026 07:39
67,Matt Monro,Born Free,A,78,,,100,3,1983,M,,,,,,25/04/2026 07:57
68,The Beatles,Hey Jude,A,31,,,100,3,1984,Group,,,,,,25/04/2026 08:25
69,Rod Stewart,Maggie May,A,34,,,100,3,1978,M,,,,,,25/04/2026 07:39
70,The Beatles,Help,A,93,,,100,3,1978,Group,,,,,,25/04/2026 07:41
71,John Denver,Annie's Song,A,542,,,100,3,1974,M,,,,,,25/04/2026 08:04
72,The Pogues feat. Kirsty MacColl,Fairytale of New York,A,298,,,100,3,1974,Group,,,,,,25/04/2026 08:42
73,The Beatles,Penny Lane,A,85,,,100,3,1983,Group,,,,,,25/04/2026 08:22
74,Bob Marley,One Love - People Get Ready,A,NE,,,100,3,1979,M,,,,,,25/04/2026 08:55
75,Queen,Don't Stop Me Now,A,74,,,100,3,1981,Group,,,,,,24/04/2026 23:35
76,Dire Straits,Brothers In Arms,A,340,,,75,3,1983,Group,,,,,,25/04/2026 08:22
77,Nat King Cole,Unforgettable,A,38,,,75,3,1978,M,,,,,,
78,Bryan Adams,Summer Of 69,A,62,,,75,3,2011,M,,,,,,24/04/2026 23:15
79,The Beatles,Twist & Shout,A,353,,,75,3,1966,Group,,,,,,25/04/2026 07:44
80,Vera Lynn,We'll Meet Again,A,77,,,75,3,2008,M,,,,,,
81,Bill Haley And His Comets,Rock Around The Clock,A,68,,,75,3,1965,Group,,,,,,25/04/2026 08:48
82,The Beatles,I Want To Hold Your Hand,A,374,,,75,3,1969,Group,,,,,,
83,Dean Martin,Memories Are Made Of This,A,110,,,75,3,1981,M,,,,,,25/04/2026 07:42
84,Westlife,Flying Without Wings,A,128,,,75,3,2011,M,,,,,,25/04/2026 07:42
85,Rolling Stones,Jumpin' Jack Flash,A,553,,,75,3,1969,M,,,,,,25/04/2026 07:42
86,Elvis Presley,In The Ghetto,A,304,,,75,3,1970,M,,,,,,
87,Bobby McFerrin,"Don't Worry, Be Happy",A,NE,,,75,3,1980,M,,,,,,25/04/2026 07:46
88,The Carpenters,Top Of The World,A,613,,,75,3,1980,Group,,,,,,25/04/2026 08:29
89,Tina Turner,(Simply) The Best,A,437,,,75,3,1971,F,,,,,,25/04/2026 07:46
90,Guns N' Roses,Sweet Child O' Mine,A,198,,,75,3,1978,Group,,,,,,25/04/2026 07:44
91,Elvis Presley,If I Can Dream,A,58,,,75,3,1979,M,,,,,,
92,Sting,Fields Of Gold,A,165,,,75,3,1978,M,,,,,,25/04/2026 07:41
93,Frank Sinatra,That's Life,A,264,,,75,3,1979,M,,,,,,25/04/2026 07:42
94,Johnny Cash,I Walk The Line,A,26,,,75,3,1980,M,,,,,,24/04/2026 23:40
95,Soft Cell,Tainted Love,A,369,,,75,3,1975,M,,,,,,25/04/2026 07:46
96,Elvis Presley,Are You Lonesome Tonight,A,125,,,75,3,2009,M,,,,,,25/04/2026 07:42
97,Abba,Waterloo,A,112,,,75,3,1984,Group,,,,,,
98,Acker Bilk,Stranger On The Shore,A,405,,,75,3,1985,M,,,,,,25/04/2026 07:44
99,Teddy Swims,Lose Control,A,17,,,75,3,1971,M,,,,,,25/04/2026 07:41
100,Taylor Swift,Shake It Off,A,113,,,75,3,1981,F,,,,,,25/04/2026 08:28
101,Queen,We Are The Champions,A,114,,,75,3,1982,Group,,,,,,25/04/2026 08:09
102,Monty Python,Always Look On The Bright Side Of Life,A,319,,,75,3,1984,M,,,,,,25/04/2026 07:46
103,Lionel Richie,Dancing On The Ceiling,A,250,,,75,3,1984,M,,,,,,25/04/2026 00:13
104,Dolly Parton,Jolene,A,25,,,75,3,1982,F,,,,,,24/04/2026 22:49
105,Killers,Mr Brightside,A,NE,,,75,3,1981,M,,,,,,
106,Proclaimers,I'm Gonna Be (500 Miles),A,NE,,,75,3,1983,M,,,,,,
107,AC/DC,Highway To Hell,A,60,,,75,3,1984,M,,,,,,25/04/2026 07:46
108,Jimmy Cliff,I Can See Clearly Now,A,347,,,75,3,1973,M,,,,,,
109,Kansas,Carry On Wayward Son,A,NE,,,75,3,1982,M,,,,,,25/04/2026 07:41
110,Hollies,"He Ain't Heavy, He's My Brother",A,NE,,,75,3,1984,M,,,,,,25/04/2026 07:39
111,Stevie Wonder,I Just Called To Say I Love You,A,146,,,75,3,1985,M,,,,,,25/04/2026 07:44
112,Tom Jones,Delilah,A,46,,,75,3,1985,M,,,,,,24/04/2026 22:49
113,Abba,"Money, Money, Money",A,242,,,75,3,1986,Group,,,,,,25/04/2026 07:41
114,Aerosmith,I Don't Want To Miss A Thing,A,602,,,75,3,1976,Group,,,,,,24/04/2026 23:20
115,AC/DC,Thunderstruck,A,207,,,75,3,1979,M,,,,,,25/04/2026 00:00
116,Anne-marie,Everywhere,A,NE,,,75,3,1979,M,,,,,,25/04/2026 07:39
117,Fleetwood Mac,Dreams,A,121,,,75,3,1980,Group,,,,,,25/04/2026 08:02
118,Fleetwood Mac,The Chain,A,214,,,75,3,1980,Group,,,,,,25/04/2026 07:46
119,Jimmy Cliff,"Wonderful World, Beautiful People",A,2256,,,75,3,1980,M,,,,,,
120,Coldplay,Viva La Vida,A,368,,,75,3,1980,Group,,,,,,25/04/2026 07:39
121,Tom Jones,Green Green Grass Of Home,A,12,,,75,3,1981,M,,,,,,25/04/2026 07:41
122,Abba,The Winner Takes It All,A,295,,,75,3,1983,Group,,,,,,25/04/2026 07:44
123,Roberta Flack,The First Time Ever I Saw Your Face,A,466,,,75,3,1984,M,,,,,,25/04/2026 07:46
124,Amy Winehouse,Back To Black,A,136,,,75,3,1984,M,,,,,,25/04/2026 07:42
125,Cat Stevens,Wild World,A,2153,,,75,3,1985,M,,,,,,24/04/2026 22:49
126,John Denver,Leaving On A Jet Plane,A,721,,,75,3,1986,M,,,,,,25/04/2026 07:42
127,Gene Kelly,Singin' In The Rain,A,498,,,75,3,1971,M,,,,,,24/04/2026 23:53
128,Tina Turner,Proud Mary,A,499,,,75,3,1971,F,,,,,,24/04/2026 23:14
129,Beach Boys,Good Vibrations,A,108,,,75,3,1974,M,,,,,,25/04/2026 00:26
130,Rick Astley,Never Gonna Give You Up,A,36,,,75,3,1974,M,,,,,,
131,Westlife,You Raise Me Up,A,109,,,75,3,1974,M,,,,,,24/04/2026 23:46
132,Whitney Houston,I Wanna Dance With Somebody (Who Loves Me),A,1331,,,75,3,1975,F,,,,,,25/04/2026 00:40
133,Beatles,A Hard Day's Night,A,NE,,,75,3,1977,M,,,,,,
134,Rolling Stones,(I Can't Get No) Satisfaction,A,823,,,75,3,1978,M,,,,,,25/04/2026 07:46
135,Rolling Stones,Paint It Black,A,554,,,75,3,1978,M,,,,,,24/04/2026 23:09
136,Petula Clark,Downtown,A,302,,,75,3,1978,M,,,,,,25/04/2026 07:42
137,Kate Bush,Running Up That Hill,A,596,,,75,3,1978,M,,,,,,
138,Bill Withers,Lovely Day,A,55,,,75,3,1979,M,,,,,,25/04/2026 00:53
139,Dire Straits,Sultans Of Swing,A,48,,,75,3,1979,Group,,,,,,25/04/2026 09:08
140,David Bowie,Starman,A,651,,,75,3,1979,M,,,,,,24/04/2026 23:33
141,Kenny Rogers,The Gambler,A,210,,,75,3,1980,M,,,,,,25/04/2026 07:44
142,David Bowie,Heroes,A,169,,,75,3,1981,M,,,,,,
143,Tina Turner,Private Dancer,A,349,,,75,3,1981,F,,,,,,25/04/2026 07:39
144,Tom Odell,Grow Old With Me,A,NE,,,75,3,1982,M,,,,,,25/04/2026 07:44
145,Dolly Parton,9 To 5,A,99,,,75,3,1982,F,,,,,,24/04/2026 22:54
146,Tom Odell,Real Love,A,NE,,,75,3,1982,M,,,,,,24/04/2026 23:40
147,Ed Sheeran,Shivers,A,51,,,75,3,1983,M,,,,,,25/04/2026 07:42
148,Gloria Gaynor,I Will Survive,A,65,,,75,3,1983,M,,,,,,25/04/2026 07:41
149,Elvis Presley,All Shook Up,A,147,,,75,3,1983,M,,,,,,
150,Marvin Gaye,I Heard It Through The Grapevine,A,281,,,75,3,1983,M,,,,,,25/04/2026 07:44
151,Abba,"Knowing Me, Knowing You",B,190,,,75,3,1983,Group,,,,,,24/04/2026 22:57
152,John Legend,All Of Me,B,82,,,75,3,1983,M,,,,,,
153,Ed Sheeran,Castle On The Hill,B,67,,,75,3,1983,M,,,,,,25/04/2026 00:36
154,Elvis Presley,Hound Dog,B,842,,,75,3,1984,M,,,,,,
155,Madonna,Holiday,B,154,,,75,3,1984,F,,,,,,25/04/2026 07:39
156,Whitney Houston,My Love Is Your Love,B,414,,,75,3,1984,F,,,,,,25/04/2026 07:39
157,Temptations,My Girl,B,NE,,,75,3,1985,M,,,,,,
158,Abba,I Have A Dream,B,416,,,75,3,1985,Group,,,,,,25/04/2026 08:39
159,George Ezra,Green Green Grass,B,878,,,75,3,1985,M,,,,,,25/04/2026 08:35
160,Abba,Voulez-Vous,B,157,,,75,3,1985,Group,,,,,,25/04/2026 07:46
161,Elton John,Your Song,B,427,,,75,3,1985,M,,,,,,25/04/2026 09:11
162,Bruce Springsteen,Dancing In The Dark,B,320,,,75,3,1986,M,,,,,,25/04/2026 09:32
163,Fleetwood Mac,Little Lies,B,438,,,75,3,1986,Group,,,,,,25/04/2026 08:15
164,Abba,S.O.S.,B,199,,,75,3,1986,Group,,,,,,25/04/2026 07:49
165,Toploader,Dancing In The Moonlight,B,460,,,75,3,1986,M,,,,,,25/04/2026 08:20
166,Glenn Miller,Moonlight Serenade,B,135,,,75,3,1986,M,,,,,,24/04/2026 23:25
167,Shirley Bassey,Big Spender,B,260,,,75,3,1987,M,,,,,,25/04/2026 07:39
168,Tom Odell,Magnetised,B,NE,,,75,3,1988,M,,,,,,
169,Andrew Gold,Thank You For Being A Friend,B,2133,,,75,3,1989,M,,,,,,
170,Ben E. King,Spanish Harlem,B,695,,,75,3,1990,M,,,,,,
171,Elvis Presley,How Great Thou Art,B,63,,,75,3,1991,M,,,,,,25/04/2026 07:39
172,Harry Styles,As It Was,B,123,,,75,3,1992,M,,,,,,
173,Cher,Believe,B,183,,,75,3,1994,F,,,,,,25/04/2026 07:46
174,Spice Girls,Wannabe,B,756,,,75,3,1996,M,,,,,,
175,Tom Jones,It's Not Unusual,B,35,,,75,3,2000,M,,,,,,
176,Dexy's Midnight Runners,Come On Eileen,B,80,,,75,3,2002,M,,,,,,25/04/2026 07:46
177,Barry White,"You're The First, The Last, My Everything",B,537,,,75,3,2012,M,,,,,,
178,Beatles,Eleanor Rigby,B,NE,,,75,3,2012,M,,,,,,25/04/2026 00:49
179,Lewis Capaldi,Someone You Loved,B,393,,,75,3,2015,M,,,,,,25/04/2026 09:05
180,Queen,We Will Rock You,B,NE,,,75,3,2015,Group,,,,,,
181,Abba,Super Trooper,B,1411,,,75,3,2015,Group,,,,,,
182,Sabrina Carpenter,Espresso,B,294,,,75,3,2016,M,,,,,,25/04/2026 07:41
183,Abba,Take A Chance On Me,B,834,,,75,3,2016,Group,,,,,,
184,Carpenters,Yesterday Once More,B,NE,,,75,3,2017,M,,,,,,
185,Stevie Wonder,Happy Birthday,B,23,,,75,3,2018,M,,,,,,
186,Kinks,Waterloo Sunset,B,NE,,,75,3,2020,M,,,,,,
187,Gerry Rafferty,Baker Street,B,1578,,,75,3,1956,M,,,,,,25/04/2026 08:18
188,Roberta Flack,Back Together Again,B,NE,,,75,3,1957,M,,,,,,
189,Bon Jovi,Livin' On A Prayer,B,196,,,75,4,1963,Group,,,,,,25/04/2026 00:10
190,Fleetwood Mac,Everywhere,B,323,,,75,3,1964,Group,,,,,,24/04/2026 23:50
191,Teddy Swims,The Door,B,NE,,,75,3,1966,M,,,,,,25/04/2026 07:42
192,Queen,Another One Bites The Dust,B,614,,,75,3,1966,Group,,,,,,
193,Elton John,Crocodile Rock,B,615,,,75,3,1966,M,,,,,,25/04/2026 08:07
194,Jim Reeves,Welcome To My World,B,30,,,75,3,1967,M,,,,,,
195,Roberta Flack,Killing Me Softly With His Song,B,NE,,,75,3,1967,M,,,,,,25/04/2026 07:39
196,Coldplay,A Sky Full Of Stars,B,456,,,75,3,1968,Group,,,,,,24/04/2026 23:12
197,Tina Turner,Steamy Windows,B,1971,,,75,3,1968,F,,,,,,25/04/2026 07:44
198,Neil Diamond,Forever In Blue Jeans,B,677,,,75,3,1968,M,,,,,,
199,Roy Orbison,Penny Arcade,B,122,,,75,3,1969,M,,,,,,
200,Bill Withers,Ain't No Sunshine,B,2124,,,75,3,1970,M,,,,,,
201,Beatles,Eight Days A Week,B,NE,,,75,3,1970,M,,,,,,25/04/2026 07:46
202,Pink Floyd,Wish You Were Here,B,174,,,75,3,1971,Group,,,,,,
203,Les Miserables,Bring Him Home,B,1222,,,75,3,1971,M,,,,,,
204,Benson Boone,"Sorry, I'm Here For Someone Else",B,NE,,,75,3,1971,M,,,,,,25/04/2026 08:45
205,Mark Ronson,Uptown Funk,B,NE,,,75,3,1971,M,,,,,,
206,Take That,Shine,B,141,,,75,3,1972,M,,,,,,25/04/2026 08:32
207,Elvis Presley,It's Now Or Never,B,757,,,75,3,1972,M,,,,,,
208,Real Thing,You To Me Are Everything,B,1264,,,75,3,1972,M,,,,,,25/04/2026 09:18
209,Roy Orbison,Only The Lonely,B,279,,,75,3,1973,M,,,,,,25/04/2026 07:52
210,Oasis,Don't Look Back In Anger,B,280,,,75,3,1974,Group,,,,,,25/04/2026 08:02
211,Cliff Richard,The Young Ones,B,283,,,75,3,1974,M,,,,,,
212,Survivor,Eye Of The Tiger,B,229,,,75,3,1974,M,,,,,,
213,Europe,The Final Countdown,B,1291,,,75,3,1975,M,,,,,,24/04/2026 22:49
214,George Michael,Careless Whisper,B,81,,,75,3,1975,M,,,,,,
215,Perry Como,Magic Moments,B,288,,,75,3,1975,M,,,,,,
216,Monkees,I'm A Believer,B,NE,,,75,3,1975,M,,,,,,
217,U2,Beautiful Day,B,1332,,,75,3,1976,Group,,,,,,25/04/2026 08:22
218,Yazz,The Only Way Is Up,B,807,,,75,3,1976,M,,,,,,
219,Beatles,Yellow Submarine,B,NE,,,75,3,1976,M,,,,,,
220,Beatles,"Hello, Goodbye",B,NE,,,75,3,1976,M,,,,,,
221,Blondie,Heart Of Glass,B,821,,,75,3,1977,Group,,,,,,25/04/2026 08:05
222,Harry Styles,Sign Of The Times,B,232,,,75,3,1977,M,,,,,,24/04/2026 23:52
223,Queen,Under Pressure,B,151,,,75,3,1978,Group,,,,,,
224,Taylor Swift,Love Story,B,192,,,75,3,1978,F,,,,,,
225,Beatles,Let It Be,B,NE,,,75,3,1978,M,,,,,,
226,Tears For Fears,Everybody Wants To Rule The World,B,570,,,75,3,1979,M,,,,,,
227,Dean Martin,Volare,B,NE,,,75,3,1979,M,,,,,,
228,Rag'N'Bone Man,Human,B,307,,,75,3,1979,M,,,,,,25/04/2026 08:33
229,Pulp,Common People,B,863,,,75,3,1979,M,,,,,,
230,Dire Straits,Walk Of Life,B,309,,,75,3,1979,Group,,,,,,25/04/2026 07:42
231,Billy Ocean,Red Light Spells Danger,B,417,,,75,3,1980,M,,,,,,
232,Shania Twain,Man! I Feel Like A Woman!,B,422,,,75,3,1980,M,,,,,,
233,Mavericks,Dance The Night Away,B,NE,,,75,3,1980,M,,,,,,25/04/2026 07:42
234,Glen Campbell,Rhinestone Cowboy,B,322,,,75,3,1980,M,,,,,,25/04/2026 08:32
235,Wham!,Club Tropicana,B,133,,,75,3,1980,M,,,,,,25/04/2026 07:44
236,Abba,Does Your Mother Know,B,159,,,75,3,1980,Group,,,,,,
237,Judy Collins,Amazing Grace,B,97,,,75,3,1980,M,,,,,,
238,Fats Domino,Blueberry Hill,B,328,,,75,3,1980,M,,,,,,25/04/2026 09:26
239,Gerry & The Pacemakers,Ferry Across The Mersey,B,452,,,75,3,1981,Group,,,,,,25/04/2026 07:52
240,Prince,Purple Rain,B,202,,,75,3,1981,M,,,,,,
241,Ed Sheeran,Photograph,B,76,,,75,3,1981,M,,,,,,
242,Luther Vandross,Dance With My Father,B,167,,,75,3,1981,M,,,,,,24/04/2026 22:49
243,Eric Clapton,Wonderful Tonight,B,261,,,75,3,1981,M,,,,,,
244,Etta James,At Last,B,689,,,75,3,1982,M,,,,,,
245,Josh Groban,You Raise Me Up,B,2172,,,75,3,1982,M,,,,,,
246,Celine Dion,I'm Alive,B,362,,,75,3,1982,M,,,,,,25/04/2026 08:05
247,Andy Williams,Moon River,B,734,,,75,3,1982,M,,,,,,
248,Alex Warren,Bloodline,B,NE,,,75,3,1982,M,,,,,,25/04/2026 07:39
249,Adele,Someone Like You,B,104,,,75,3,1983,F,,,,,,25/04/2026 07:36
250,Celine Dion,Think Twice,B,276,,,75,3,1983,M,,,,,,25/04/2026 07:41
251,Doris Day,Secret Love,B,181,,,75,3,1983,M,,,,,,
252,Art Garfunkel,Bright Eyes,B,522,,,75,3,1983,M,,,,,,25/04/2026 09:11
253,Wings,Mull Of Kintyre,B,1311,,,75,3,1983,M,,,,,,25/04/2026 07:41
254,Lewis Capaldi,Survive,B,NE,,,75,3,1983,M,,,,,,25/04/2026 07:46
255,Wham!,Wake Me Up Before You Go Go,B,53,,,75,3,1984,M,,,,,,
256,Beatles,All You Need Is Love,B,NE,,,75,3,1984,M,,,,,,
257,Ace Of Base,All That She Wants,B,NE,,,75,3,1984,M,,,,,,25/04/2026 08:09
258,Abba,Fernando,B,1346,,,75,3,1984,Group,,,,,,25/04/2026 08:33
259,Gabrielle,Dreams,B,796,,,75,3,1985,M,,,,,,
260,Beatles,Ticket To Ride,B,NE,,,75,3,1985,M,,,,,,25/04/2026 07:39
261,Backstreet Boys,I Want It That Way,B,535,,,75,3,1985,M,,,,,,25/04/2026 07:41
262,Enya,Orinoco Flow,B,396,,,75,3,1985,M,,,,,,25/04/2026 08:49
263,Lonnie Donegan,My Old Man's A Dustman,B,820,,,75,3,1985,M,,,,,,24/04/2026 23:10
264,Elvis Presley,Way Down,B,231,,,75,3,1986,M,,,,,,24/04/2026 23:17
265,Beatles,Day Tripper,B,NE,,,75,3,1986,M,,,,,,
266,Abba,The Name Of The Game,B,NE,,,75,3,1986,Group,,,,,,24/04/2026 23:38
267,George Michael,A Different Corner,B,832,,,75,3,1986,M,,,,,,
268,Don McLean,American Pie,B,233,,,75,3,1986,M,,,,,,25/04/2026 07:39
269,Ace Of Base,The Sign,B,NE,,,75,3,1987,M,,,,,,
270,B-52's,Love Shack,B,857,,,75,3,1987,M,,,,,,
271,Dean Martin,That's Amore,B,84,,,75,3,1987,M,,,,,,25/04/2026 07:39
272,Phil Collins,Another Day In Paradise,B,871,,,75,3,1987,M,,,,,,25/04/2026 07:56
273,Queen,Somebody To Love,B,873,,,75,3,1987,Group,,,,,,
274,Killers,Human,B,NE,,,75,3,1988,M,,,,,,
275,Billy Fury,Halfway To Paradise,B,581,,,75,3,1988,M,,,,,,
276,Leona Lewis,One More Sleep,B,314,,,75,3,1988,M,,,,,,
277,Bon Jovi,It's My Life,B,317,,,75,3,1989,Group,,,,,,
278,David Bowie,Life On Mars?,B,589,,,75,3,1989,M,,,,,,25/04/2026 07:44
279,Queen,A Kind Of Magic,B,318,,,75,3,1990,Group,,,,,,25/04/2026 08:52
280,Bob Marley,Sun Is Shining,B,1626,,,75,3,1990,M,,,,,,25/04/2026 09:25
281,Chappell Roan,Hot To Go,B,NE,,,75,3,1990,M,,,,,,24/04/2026 22:59
282,Tracy Chapman,Fast Car,B,96,,,75,3,1991,M,,,,,,24/04/2026 23:30
283,Johnny Cash,A Boy Named Sue,B,428,,,75,3,1991,M,,,,,,24/04/2026 22:49
284,Bee Gees,Stayin' Alive,B,603,,,75,4,1992,Group,,,,,,25/04/2026 07:44
285,Dire Straits,Money For Nothing,B,245,,,75,3,1992,Group,,,,,,
286,UB40,Kingston Town,B,431,,,75,3,1994,M,,,,,,25/04/2026 09:12
287,Coldplay,Yellow,B,32,,,75,3,1994,Group,,,,,,
288,Buddy Holly,Rave On,B,944,,,75,3,1995,M,,,,,,
289,Bob Marley,Could You Be Loved,B,248,,,75,3,1995,M,,,,,,
290,Journey,Don't Stop Believin',B,440,,,75,4,1995,Group,,,,,,25/04/2026 07:41
291,Buddy Holly,Peggy Sue,B,326,,,75,3,1996,M,,,,,,25/04/2026 08:47
292,Diana Ross,Endless Love,B,NE,,,75,3,1996,F,,,,,,25/04/2026 08:46
293,Roy Orbison,I Drove All Night,B,984,,,75,3,1998,M,,,,,,
294,Elvis Presley,Burning Love,B,637,,,75,3,1998,M,,,,,,
295,Abba,Lay All Your Love On Me,B,NE,,,75,3,1998,Group,,,,,,
296,Bob Marley,"No Woman, No Cry",B,164,,,75,3,1998,M,,,,,,
297,Beatles,Yesterday,B,NE,,,75,3,1999,M,,,,,,
298,Michael Jackson,Thriller,B,203,,,75,3,1999,M,,,,,,
299,Shania Twain,You're Still The One,B,204,,,75,3,2000,M,,,,,,25/04/2026 08:58
300,Elton John,Circle Of Life,B,1922,,,75,3,2000,M,,,,,,
301,Lionel Richie,Stuck On You,B,1943,,,50,3,2001,M,,,,,,
302,Bruce Springsteen,Born To Run,B,341,,,50,3,2001,M,,,,,,
303,Elvis Presley,Viva Las Vegas,B,NE,,,50,3,2002,M,,,,,,
304,Neil Diamond,Love On The Rocks,B,2004,,,50,3,2003,M,,,,,,
305,Sade,Smooth Operator,B,344,,,50,3,2003,M,,,,,,
306,Carpenters,We've Only Just Begun,B,NE,,,50,3,2003,M,,,,,,
307,Creedence Clearwater Revival,Have You Ever Seen The Rain?,B,687,,,50,3,2004,M,,,,,,
308,Fleetwood Mac,Go Your Own Way,B,88,,,50,4,2004,Group,,,,,,
309,BJ Thomas,Raindrops Keep Falling On My Head,B,NE,,,50,3,2005,M,,,,,,24/04/2026 23:57
310,Luther Vandross,Never Too Much,B,263,,,50,3,2006,M,,,,,,
311,Fleetwood Mac,Rhiannon,B,1087,,,50,3,2008,Group,,,,,,
312,Vera Lynn,White Cliffs Of Dover,B,49,,,50,3,2008,M,,,,,,
313,Beatles,In My Life,B,NE,,,50,3,2008,M,,,,,,
314,Eagles,Take It Easy,B,NE,,,50,3,2011,M,,,,,,
315,Beatles,While My Guitar Gently Weeps,B,NE,,,50,3,2011,M,,,,,,
316,Beatles,Norwegian Wood,B,NE,,,50,3,2012,M,,,,,,
317,Dolly Parton,Coat Of Many Colours,B,364,,,50,3,2012,F,,,,,,
318,Beatles,Michelle,B,NE,,,50,3,2013,M,,,,,,
319,Bob Marley,Jamming,B,175,,,50,3,2014,M,,,,,,
320,Noah Khan,Stick Season,B,NE,,,50,3,2014,M,,,,,,
321,Black Eyed Peas,I Gotta Feeling,B,179,,,50,3,2014,M,,,,,,
322,Ed Sheeran,Shape Of You,B,91,,,50,3,2015,M,,,,,,
323,John Lennon,Imagine,B,180,,,50,3,2016,M,,,,,,
324,Elton John,Candle In The Wind,B,274,,,50,3,2017,M,,,,,,24/04/2026 23:36
325,Fleetwood Mac,Albatross,B,142,,,50,3,2017,Group,,,,,,
326,Michael Jackson,Billie Jean,B,144,,,50,4,2018,M,,,,,,
327,Bruno Mars,Grenade,B,755,,,50,3,1976,M,,,,,,
328,Diana Ross,Chain Reaction,B,225,,,50,3,1942,F,,,,,,
329,Beyonce,Texas Hold 'em,B,296,,,50,3,1965,M,,,,,,
330,Beatles,Can't Buy Me Love,B,NE,,,50,3,1972,M,,,,,,
331,Whitney Houston,Saving All My Love For You,B,788,,,50,3,1968,F,,,,,,24/04/2026 22:49
332,Tommy Steele,Singing The Blues,B,NE,,,50,3,1965,M,,,,,,
333,Ronan Keating,Life Is A Rollercoaster,B,NE,,,50,3,1971,M,,,,,,24/04/2026 22:49
334,David Bowie,Let's Dance,B,188,,,50,3,1965,M,,,,,,
335,Rod Stewart,Baby Jane,B,293,,,50,3,1977,M,,,,,,
336,Detroit Spinners,Working My Way Back To You,B,NE,,,50,3,2024,M,,,,,,25/04/2026 00:23
337,Kinks,Sunny Afternoon,B,NE,,,50,3,2009,M,,,,,,
338,T. Rex,Get It On,B,541,,,50,3,2017,M,,,,,,24/04/2026 23:04
339,Wham!,I'm Your Man,B,1404,,,50,3,1971,M,,,,,,
340,Pink Floyd,Another Brick In The Wall,B,401,,,50,3,1973,Group,,,,,,
341,David Bowie,Dancing In The Street,B,NE,,,50,3,1968,M,,,,,,
342,Jam,Town Called Malice,B,NE,,,50,3,1983,M,,,,,,
343,Phil Collins,In The Air Tonight,B,153,,,50,3,2010,M,,,,,,
344,Ed Sheeran,Galway Girl,B,191,,,50,3,1986,M,,,,,,
345,Cyndi Lauper,Girls Just Wanna Have Fun,B,564,,,50,3,2024,F,,,,,,
346,Michael Jackson,Man In The Mirror,B,566,,,50,3,1964,M,,,,,,
347,Candi Staton,Young Hearts Run Free,B,130,,,50,3,1970,M,,,,,,
348,Freddie Mercury,Barcelona,B,NE,,,50,3,1972,M,,,,,,24/04/2026 23:23
349,Foundations,Build Me Up Buttercup,B,83,,,50,3,1976,M,,,,,,
350,Beatles,Strawberry Fields Forever,B,NE,,,50,3,1969,M,,,,,,
351,Beach Boys,Sloop John B,C,856,,,50,3,1969,M,,,,,,25/04/2026 07:39
352,Nat King Cole,Smile,C,238,,,50,3,1979,M,,,,,,
353,Stylistics,You Make Me Feel Brand New,C,NE,,,50,3,1978,M,,,,,,
354,Billy Ocean,Love Really Hurts Without You,C,NE,,,50,3,1978,M,,,,,,25/04/2026 07:41
355,Abba,Chiquittita,C,NE,,,50,3,2002,Group,,,,,,
356,Queen,Radio Gaga,C,1554,,,50,3,2004,Group,,,,,,25/04/2026 07:44
357,Bruno Mars,Locked Out Of Heaven,C,875,,,50,3,1981,M,,,,,,
358,Ed Sheeran,The A Team,C,578,,,50,3,2002,M,,,,,,25/04/2026 09:05
359,Neil Diamond,Cracklin' Rosie,C,1588,,,50,3,1988,M,,,,,,
360,Isley Brothers,This Old Heart Of Mine (is Weak For You),C,NE,,,50,3,1985,M,,,,,,
361,Cyndi Lauper,Time After Time,C,241,,,50,3,1984,F,,,,,,25/04/2026 09:18
362,Tina Turner,What's Love Got To Do With It,C,424,,,50,3,1978,F,,,,,,
363,Mamas & The Papas,Monday Monday,C,NE,,,50,3,1979,Group,,,,,,25/04/2026 07:56
364,Abba,Gimme Gimme Gimme,C,902,,,50,3,1981,Group,,,,,,25/04/2026 08:29
365,Tina Turner,We Don't Need Another Hero,C,NE,,,50,3,1983,F,,,,,,25/04/2026 08:22
366,Whitney Houston,I Have Nothing,C,158,,,50,3,1983,F,,,,,,
367,Abba,One Of Us,C,597,,,50,3,1984,Group,,,,,,
368,Toto,Africa,C,132,,,50,3,1984,Group,,,,,,25/04/2026 08:09
369,Roy Orbison,You Got It,C,425,,,50,3,1985,M,,,,,,25/04/2026 07:39
370,Animals,Don't Let Me Be Misunderstood,C,NE,,,50,3,1986,M,,,,,,
371,Sam Fender,People Watching,C,NE,,,50,3,1986,M,,,,,,
372,Matt Monro,Walk Away,C,1651,,,50,3,1987,M,,,,,,25/04/2026 07:45
373,Johnny Mathis,A Certain Smile,C,117,,,50,3,1987,M,,,,,,25/04/2026 07:41
374,Aretha Franklin,I Say A Little Prayer,C,922,,,50,3,1989,F,,,,,,25/04/2026 07:46
375,Guns N' Roses,November Rain,C,1673,,,50,3,1990,Group,,,,,,25/04/2026 08:52
376,T'pau,Heart And Soul,C,NE,,,50,3,1991,M,,,,,,25/04/2026 09:18
377,Monkees,Daydream Believer,C,NE,,,50,3,1991,M,,,,,,
378,Snow Patrol,Run,C,943,,,50,3,1992,M,,,,,,25/04/2026 09:25
379,Andrew Gold,Never Let Her Slip Away,C,1719,,,50,3,1992,M,,,,,,24/04/2026 23:45
380,Madness,Our House,C,160,,,50,3,1993,M,,,,,,25/04/2026 07:39
381,Kate Bush,Babooshka,C,1735,,,50,3,1994,M,,,,,,25/04/2026 00:03
382,Abba,Summer Night City,C,954,,,50,3,1994,Group,,,,,,24/04/2026 22:49
383,Snow Patrol,Chasing Cars,C,958,,,50,3,1996,M,,,,,,25/04/2026 08:25
384,Guns N' Roses,Paradise City,C,NE,,,50,3,1996,Group,,,,,,25/04/2026 07:59
385,Amy Winehouse,Rehab,C,444,,,50,3,1997,M,,,,,,
386,Beach Boys,I Get Around,C,1805,,,50,3,1998,M,,,,,,25/04/2026 08:27
387,Queen,You're My Best Friend,C,1817,,,50,3,1998,Group,,,,,,25/04/2026 07:32
388,Bob Marley,Is This Love?,C,NE,,,50,3,1998,M,,,,,,
389,Queen,Seven Seas Of Rhye,C,1907,,,50,3,1999,Group,,,,,,25/04/2026 07:42
390,Adele,Set Fire To The Rain,C,653,,,50,3,2000,F,,,,,,
391,Dean Martin,Everybody Loves Somebody,C,656,,,50,3,2000,M,,,,,,25/04/2026 07:46
392,Aerosmith,Pink,C,NE,,,50,3,2001,Group,,,,,,25/04/2026 08:42
393,Jeff Beck,Hi-ho Silver Lining,C,1973,,,50,3,2001,M,,,,,,
394,Cranberries,Linger,C,NE,,,50,3,2001,M,,,,,,25/04/2026 07:39
395,Bill Withers,Lean On Me,C,342,,,50,3,2002,M,,,,,,25/04/2026 08:02
396,REM,Losing My Religion,C,120,,,50,3,2003,Group,,,,,,
397,Matt Monro,From Russia With Love,C,NE,,,50,3,2004,M,,,,,,
398,Eagles,Lyin' Eyes,C,NE,,,50,3,2004,M,,,,,,25/04/2026 08:45
399,Queen,Who Wants To Live Forever,C,470,,,50,3,2004,Group,,,,,,
400,Elvis Presley,Loving You,C,NE,,,50,3,2006,M,,,,,,
401,Buddy Holly,True Love Ways,C,2075,,,50,3,2006,M,,,,,,
402,Clash,Rock The Casbah,C,NE,,,50,3,2008,M,,,,,,25/04/2026 07:44
403,Deacon Blue,Dignity,C,351,,,50,3,2008,M,,,,,,25/04/2026 07:44
404,Fleetwood Mac,Don't Stop,C,1077,,,50,3,2008,Group,,,,,,24/04/2026 22:49
405,Luther Vandross,So Amazing,C,2107,,,50,3,2009,M,,,,,,25/04/2026 07:39
406,Proclaimers,Sunshine On Leith,C,NE,,,50,3,2010,M,,,,,,25/04/2026 07:44
407,Mario Lanza,Be My Love,C,177,,,50,3,2011,M,,,,,,25/04/2026 08:12
408,Rolling Stones,Gimme Shelter,C,NE,,,50,3,2011,M,,,,,,
409,Dusty Springfield,The Look Of Love,C,2377,,,50,3,2012,M,,,,,,25/04/2026 07:42
410,Bach,Ave Maria,C,NE,,,50,3,2012,M,,,,,,
411,Abba,Angel Eyes,C,NE,,,50,3,2013,Group,,,,,,
412,Shirley Bassey,This Is My Life,C,NE,,,50,3,2014,M,,,,,,25/04/2026 00:56
413,Beres Hammond,Rock Away,C,358,,,50,3,2014,M,,,,,,
414,Beres Hammond,One Dance,C,NE,,,50,3,2014,M,,,,,,24/04/2026 23:32
415,Little Big Town,Fine Line,C,NE,,,50,3,2014,M,,,,,,24/04/2026 23:17
416,Alan Jackson & Jimmy Buffet,It's Five O’clock Somewhere,C,NE,,,50,3,2015,Group,,,,,,25/04/2026 00:43
417,George Ezra,Shotgun,C,222,,,50,3,2015,M,,,,,,25/04/2026 07:46
418,Rihanna,Umbrella,C,NE,,,50,3,2017,M,,,,,,25/04/2026 07:42
419,Righteous Brothers,You've Lost That Lovin' Feelin',C,NE,,,50,3,1741,M,,,,,,25/04/2026 07:41
420,Procol Harum,Whiter Shade Of Pale,C,516,,,50,3,1966,M,,,,,,24/04/2026 22:49
421,Gary Numan,Cars,C,759,,,50,3,1968,M,,,,,,
422,Everly Brothers,All I Have To Do Is Dream,C,520,,,50,3,1964,M,,,,,,
423,Elvis Presley,Crying In The Chapel,C,NE,,,50,3,1971,M,,,,,,25/04/2026 08:16
424,Scott McKenzie,San Francisco,C,NE,,,50,3,1987,M,,,,,,25/04/2026 09:06
425,Billy Joel,Uptown Girl,C,381,,,50,3,1978,M,,,,,,25/04/2026 08:53
426,Cilla Black,Anyone Who Had A Heart,C,526,,,50,3,1859,M,,,,,,
427,Beatles,Paperback Writer,C,NE,,,50,3,1984,M,,,,,,25/04/2026 07:59
428,Pet Shop Boys,West End Girls,C,389,,,50,3,1991,M,,,,,,
429,Sinead O'Connor,Nothing Compares To You,C,530,,,50,3,1981,M,,,,,,25/04/2026 07:46
430,T'Pau,China In Your Hand,C,1344,,,50,3,1988,M,,,,,,
431,Wham!,Freedom,C,538,,,50,3,1942,M,,,,,,25/04/2026 08:59
432,Commodores,Three Times A Lady,C,NE,,,50,3,1986,M,,,,,,24/04/2026 23:03
433,Beatles,I Feel Fine,C,NE,,,50,3,1982,M,,,,,,25/04/2026 09:19
434,Cliff Richard,Congratulations,C,189,,,50,3,1992,M,,,,,,25/04/2026 08:39
435,Westlife,World Of Our Own,C,NE,,,50,3,1965,M,,,,,,25/04/2026 08:14
436,Kate Bush,Wuthering Heights,C,817,,,50,3,1984,M,,,,,,25/04/2026 08:40
437,10cc,Dreadlock Holiday,C,1378,,,50,3,1955,M,,,,,,25/04/2026 08:52
438,Phil Collins,Easy Lover,C,1408,,,50,3,1992,M,,,,,,25/04/2026 08:38
439,Love Affair,Everlasting Love,C,54,,,50,3,1988,M,,,,,,25/04/2026 07:42
440,David Bowie,Ashes To Ashes,C,1436,,,50,3,2002,M,,,,,,25/04/2026 00:16
441,Adele,Rolling In The Deep,C,152,,,50,3,1981,F,,,,,,25/04/2026 07:42
442,Mariah Carey,All I Want For Christmas Is You,C,66,,,50,3,1988,M,,,,,,25/04/2026 09:05
443,Adele,Skyfall,C,846,,,50,3,1981,F,,,,,,25/04/2026 07:39
444,Nat King Cole,When I Fall In Love,C,71,,,50,3,1971,M,,,,,,25/04/2026 08:38
445,Coldplay,Speed Of Sound,C,NE,,,50,3,1986,Group,,,,,,25/04/2026 09:12
446,Lionel Richie,All Night Long,C,410,,,50,3,1971,M,,,,,,25/04/2026 07:39
447,Beach Boys,God Only Knows,C,572,,,50,3,1969,M,,,,,,25/04/2026 07:41
448,Phil Collins,Against All Odds,C,860,,,50,3,1984,M,,,,,,
449,George Michael,Faith,C,193,,,50,4,1992,M,,,,,,
450,Queen,Killer Queen,C,870,,,50,3,1982,Group,,,,,,
451,Mike & The Mechanics,The Living Years,C,194,,,20,3,1992,Group,,,,,,
452,M People,Moving On Up,C,576,,,20,3,1975,M,,,,,,
453,Spandau Ballet,Gold,C,1550,,,20,3,1981,M,,,,,,24/04/2026 23:43
454,*nsync,Bye Bye Bye,C,557,,,20,3,2008,M,,,,,,
455,Elvis Presley,(Let Me Be Your) Teddy Bear,C,1577,,,20,3,1986,M,,,,,,
456,Madness,Baggy Trousers,C,NE,,,20,3,2003,M,,,,,,
457,"Earth, Wind & Fire",September,C,115,,,20,3,1981,Group,,,,,,
458,Louis Armstrong,We Have All The Time In The World,C,1612,,,20,3,1968,M,,,,,,
459,Proclaimers,Letter From America,C,NE,,,20,3,1972,M,,,,,,24/04/2026 23:05
460,Cars,Drive,C,NE,,,20,3,2002,M,,,,,,
461,Dusty Springfield,I Only Want To Be With You,C,429,,,20,3,1984,M,,,,,,
462,Gene Pitney,Twenty Four Hours From Tulsa,C,939,,,20,3,1982,M,,,,,,
463,Mary Wells,My Guy,C,1713,,,20,3,1992,M,,,,,,
464,Bruce Springsteen,Born In The USA,C,1728,,,20,3,1982,M,,,,,,
465,Stereophonics,Have A Nice Day,C,NE,,,20,3,1987,M,,,,,,
466,Bob Marley,Iron Lion Zion,C,NE,,,20,3,2003,M,,,,,,
467,Guns N' Roses,Live and Let Die,C,NE,,,20,3,1989,Group,,,,,,
468,Billy Ocean,Caribbean Queen (No More Love On The Run),C,NE,,,20,3,2008,M,,,,,,
469,Tina Turner,Let's Stay Together,C,968,,,20,3,2011,F,,,,,,
470,Elvis Presley,Moody Blue,C,NE,,,20,3,1972,M,,,,,,24/04/2026 23:19
471,Brenda Lee,Rockin' Around The Christmas Tree,C,200,,,20,3,1967,M,,,,,,25/04/2026 00:30
472,Metallica,Nothing Else Matters,C,628,,,20,3,2012,M,,,,,,24/04/2026 23:37
473,Queen,One Vision,C,NE,,,20,3,1971,Group,,,,,,24/04/2026 22:49
474,Carpenters,Only Yesterday,C,NE,,,20,3,1969,M,,,,,,
475,U2,One,C,NE,,,20,3,1987,Group,,,,,,24/04/2026 23:30
476,Rolling Stones,Start Me Up,C,331,,,20,3,1991,M,,,,,,
477,Michael Jackson,Smooth Criminal,C,450,,,20,3,1994,M,,,,,,
478,Heart,These Dreams,C,NE,,,20,3,1968,M,,,,,,
479,Elvis Presley,American Trilogy,C,252,,,20,3,2005,M,,,,,,
480,Whitney Houston,Greatest Love Of All,C,1843,,,20,3,1982,F,,,,,,
481,Electric Light Orchestra,The Diary Of Horace Wimp,C,1859,,,20,3,1979,Group,,,,,,
482,Annie Lennox,Walking On Broken Glass,C,1861,,,20,3,1992,M,,,,,,
483,Mamas & The Papas,California Dreamin',C,333,,,20,3,1965,Group,,,,,,
484,Elvis Presley,Suspicion,C,1877,,,20,3,1964,M,,,,,,
485,Elvis Presley,Blue Moon,C,1004,,,20,3,1956,M,,,,,,
486,Simply Red,For Your Babies,C,1893,,,20,3,1992,Group,,,,,,
487,Coldplay,Clocks,C,648,,,20,3,2003,Group,,,,,,
488,Chris Rea,Road To Hell,C,1017,,,20,3,1989,M,,,,,,
489,Jason Mraz,I'm Yours,C,NE,,,20,3,2008,M,,,,,,
490,Christina Perri,A Thousand Years,C,459,,,20,3,2011,M,,,,,,
491,Stevie Wonder,Superstition,C,59,,,20,3,1972,M,,,,,,
492,Turtles,Happy Together,C,NE,,,20,3,1967,M,,,,,,
493,Jason Mraz,I Won't Give Up,C,NE,,,20,3,2012,M,,,,,,
494,Tom Jones,She's A Lady,C,464,,,20,3,1971,M,,,,,,
495,Glen Campbell,Galveston,C,1978,,,20,3,1969,M,,,,,,24/04/2026 23:24
496,Whitney Houston,Didn't We Almost Have It All,C,1984,,,20,3,1987,F,,,,,,
497,Cranberries,Zombie,C,NE,,,20,3,1994,M,,,,,,
498,Rolling Stones,Sympathy For The Devil,C,1986,,,20,3,1968,M,,,,,,
499,Jack Johnson,Better Together,C,NE,,,20,3,2005,M,,,,,,
500,Abba,The Day Before You Came,C,1076,,,20,3,1982,Group,,,,,,
