Artist,Title,Year,Decade,Gender,Genre,Energy,ID,Length,Unnamed: 9,Daypart,Enabled,Decade_Group
Al Martino,Spanish Eyes,1965,1960,M,POP,4,99,S,,Morning,Y,1960
Andy Williams,Music to Watch Girls By,1967,1960,M,POP,4,100,S,,Afternoon,Y,1960
Andy Williams,Can't Take My Eyes Off You,1967,1960,M,POP,4,101,S,,Afternoon,Y,1960
Andy Williams,Moon River,1962,1960,M,POP,3,102,S,,Afternoon,Y,1960
Andy Williams,Happy Heart,1969,1960,M,POP,2,103,S,,Night,Y,1960
Aretha Franklin,Respect,1967,1960,F,SOUL,4,104,S,,Morning,Y,1960
Aretha Franklin,(You Make Me Feel Like) A Natural Woman,1967,1960,F,SOUL,2,105,S,,Night,Y,1960
Aretha Franklin,I Say a Little Prayer,1968,1960,F,SOUL,2,106,S,,Evening,Y,1960
Aretha Franklin,Think,1968,1960,F,SOUL,3,107,S,,Afternoon,Y,1960
Astrud Gilberto,The Girl from Ipanema,1964,1960,F,JAZZ,2,108,S,,Night,Y,1960
Stan Getz,The Girl from Ipanema,1964,1960,M,JAZZ,4,109,S,,Afternoon,Y,1960
Bee Gees,Massachusetts,1967,1960,G,POP,2,110,S,,Evening,Y,1960
Bee Gees,Words,1968,1960,G,POP,2,111,S,,Night,Y,1960
Ben E. King,Stand By Me,1961,1960,M,SOUL,2,112,S,,Night,Y,1960
Billy Fury,Halfway to Paradise,1961,1960,M,POP,3,113,S,,Afternoon,Y,1960
Billy Fury,Jealousy,1961,1960,M,POP,4,114,S,,Afternoon,Y,1960
Bob Dylan,Like a Rolling Stone,1965,1960,M,ROCK,3,115,S,,Afternoon,Y,1960
Bobby Vee,Take Good Care of My Baby,1961,1960,M,POP,3,116,S,,Afternoon,Y,1960
Bobby Vinton,Blue Velvet,1963,1960,M,POP,4,117,S,,Afternoon,Y,1960
Brenda Lee,I'm Sorry,1960,1960,F,POP,4,118,S,,Afternoon,Y,1960
Brian Hyland,Itsy Bitsy Teenie Weenie Yellow Polkadot Bikini,1960,1960,M,POP,2,119,S,,Evening,Y,1960
Chuck Berry,You Never Can Tell,1964,1960,M,ROCK,2,120,S,,Evening,Y,1960
Chubby Checker,The Twist,1960,1960,M,POP,2,121,S,,Night,Y,1960
Cliff Richard,The Young Ones,1961,1960,M,POP,4,122,S,,Morning,Y,1960
Cliff Richard,Summer Holiday,1963,1960,M,POP,4,123,S,,Morning,Y,1960
Cliff Richard,Congratulations,1968,1960,M,POP,4,124,S,,Afternoon,Y,1960
Dave Berry,The Crying Game,1964,1960,M,POP,2,125,S,,Evening,Y,1960
David Bowie,Space Oddity,1969,1960,M,ROCK,3,126,S,,Afternoon,Y,1960
Dionne Warwick,Walk On By,1964,1960,F,SOUL,2,127,S,,Evening,Y,1960
Dionne Warwick,I Say a Little Prayer,1967,1960,F,SOUL,3,128,S,,Afternoon,Y,1960
Doris Day,Perhaps Perhaps Perhaps,1964,1960,F,POP,2,129,S,,Night,Y,1960
Dusty Springfield,Son of a Preacher Man,1968,1960,F,SOUL,4,130,S,,Afternoon,Y,1960
Dusty Springfield,I Only Want to Be with You,1963,1960,F,POP,3,131,S,,Afternoon,Y,1960
Dusty Springfield,You Don't Have to Say You Love Me,1966,1960,F,POP,3,132,S,,Afternoon,Y,1960
Dusty Springfield,The Look of Love,1967,1960,F,POP,4,133,S,,Afternoon,Y,1960
Eddie Cochran,Three Steps to Heaven,1960,1960,M,ROCK,4,134,S,,Morning,Y,1960
Eden Kane,Well I Ask You,1961,1960,M,POP,3,135,S,,Afternoon,Y,1960
Elvis Presley,It's Now or Never,1960,1960,M,POP,5,136,S,,Morning,Y,1960
Elvis Presley,Are You Lonesome Tonight?,1960,1960,M,POP,4,137,S,,Afternoon,Y,1960
Elvis Presley,Can't Help Falling in Love,1961,1960,M,POP,4,138,S,,Morning,Y,1960
Elvis Presley,Suspicious Minds,1969,1960,M,POP,5,139,S,,Morning,Y,1960
Etta James,At Last,1960,1960,F,SOUL,3,140,S,,Afternoon,Y,1960
Frank Sinatra,My Way,1969,1960,M,POP,4,141,S,,Afternoon,Y,1960
Frank Sinatra,Fly Me to the Moon,1964,1960,M,POP,4,142,S,,Afternoon,Y,1960
Frank Sinatra,Strangers in the Night,1966,1960,M,POP,3,143,S,,Afternoon,Y,1960
Frank Sinatra,That's Life,1966,1960,M,POP,4,144,S,,Morning,Y,1960
Frank Sinatra,The Way You Look Tonight,1964,1960,M,POP,3,145,S,,Afternoon,Y,1960
Frankie Valli,Can't Take My Eyes Off You,1967,1960,M,POP,2,146,S,,Evening,Y,1960
The Four Seasons,Sherry,1962,1960,G,POP,4,147,S,,Morning,Y,1960
The Four Seasons,Big Girls Don't Cry,1962,1960,G,POP,2,148,S,,Evening,Y,1960
Gene Pitney,Twenty Four Hours from Tulsa,1963,1960,M,POP,4,149,S,,Morning,Y,1960
Gerry & The Pacemakers,You'll Never Walk Alone,1963,1960,G,POP,2,150,S,,Night,Y,1960
Gerry & The Pacemakers,Ferry Cross the Mersey,1964,1960,G,POP,2,151,S,,Evening,Y,1960
Glen Campbell,Wichita Lineman,1968,1960,M,COUNTRY,3,152,S,,Afternoon,Y,1960
Glen Campbell,By the Time I Get to Phoenix,1967,1960,M,COUNTRY,4,153,S,,Afternoon,Y,1960
Harry Nilsson,Everybody's Talkin',1968,1960,M,POP,2,154,S,,Evening,Y,1960
Helen Shapiro,You Don't Know,1961,1960,F,POP,3,155,S,,Afternoon,Y,1960
Helen Shapiro,Walkin' Back to Happiness,1961,1960,F,POP,3,156,S,,Afternoon,Y,1960
Herman's Hermits,I'm Into Something Good,1964,1960,G,POP,3,157,S,,Afternoon,Y,1960
Herman's Hermits,No Milk Today,1966,1960,G,POP,2,158,S,,Night,Y,1960
Isley Brothers,This Old Heart of Mine (Is Weak for You),1966,1960,G,SOUL,4,159,S,,Afternoon,Y,1960
Ivy League,Tossing and Turning,1965,1960,G,POP,2,160,S,,Evening,Y,1960
Jackie Wilson,(Your Love Keeps Lifting Me) Higher and Higher,1967,1960,M,SOUL,2,161,S,,Night,Y,1960
Jackson 5,I Want You Back,1969,1960,G,SOUL,2,162,S,,Evening,Y,1960
James Brown,I Got You (I Feel Good),1965,1960,M,SOUL,3,163,S,,Afternoon,Y,1960
James Brown,It's a Man's Man's Man's World,1966,1960,M,SOUL,2,164,S,,Evening,Y,1960
James Brown,Papa's Got a Brand New Bag,1965,1960,M,SOUL,3,165,S,,Afternoon,Y,1960
Jane Birkin,Je t'aime... moi non plus,1969,1960,F,POP,3,166,S,,Afternoon,Y,1960
Serge Gainsbourg,Je t'aime... moi non plus,1969,1960,M,POP,3,167,S,,Afternoon,Y,1960
Jethro Tull,Living in the Past,1969,1960,G,ROCK,3,168,S,,Afternoon,Y,1960
Jim Reeves,Distant Drums,1966,1960,M,COUNTRY,2,169,S,,Evening,Y,1960
Jim Reeves,I Love You Because,1964,1960,M,COUNTRY,2,170,S,,Night,Y,1960
Jimi Hendrix,All Along the Watchtower,1968,1960,M,ROCK,4,171,S,,Afternoon,Y,1960
Jimi Hendrix,Purple Haze,1967,1960,M,ROCK,2,172,S,,Evening,Y,1960
Jimmy Ruffin,What Becomes of the Brokenhearted,1966,1960,M,SOUL,3,173,S,,Afternoon,Y,1960
Joe Cocker,With a Little Help from My Friends,1968,1960,M,ROCK,4,174,S,,Afternoon,Y,1960
Johnny Cash,Ring of Fire,1963,1960,M,COUNTRY,3,175,S,,Afternoon,Y,1960
Johnny Cash,A Boy Named Sue,1969,1960,M,COUNTRY,4,176,S,,Morning,Y,1960
Joni Mitchell,Both Sides Now,1969,1960,F,ROCK,2,177,S,,Night,Y,1960
Prince Buster,Enjoy Yourself,1963,1960,M,REGGAE,3,178,S,,Afternoon,Y,1960
Julie Andrews,My Favorite Things,1965,1960,F,POP,2,179,S,,Night,Y,1960
Kershaw Doug,Diggy Liggy Lo,1961,1960,M,COUNTRY,2,180,S,,Evening,N,1960
Kinks The,You Really Got Me,1964,1960,G,ROCK,3,181,S,,Afternoon,Y,1960
Kinks The,Sunny Afternoon,1966,1960,G,ROCK,4,182,S,,Morning,Y,1960
Kinks The,Waterloo Sunset,1967,1960,G,ROCK,2,183,S,,Night,Y,1960
Kinks The,Dedicated Follower of Fashion,1966,1960,G,ROCK,4,184,S,,Morning,Y,1960
Led Zeppelin,Whole Lotta Love,1969,1960,G,ROCK,4,185,S,,Afternoon,Y,1960
Lee Marvin,Wand'rin' Star,1969,1960,M,POP,3,186,S,,Afternoon,Y,1960
Lesley Gore,It's My Party,1963,1960,F,POP,3,187,S,,Afternoon,Y,1960
Lesley Gore,You Don't Own Me,1963,1960,F,POP,2,188,S,,Night,Y,1960
Little Eva,The Loco-Motion,1962,1960,F,POP,3,189,S,,Afternoon,Y,1960
Louis Armstrong,What a Wonderful World,1967,1960,M,JAZZ,2,190,S,,Evening,Y,1960
Louis Armstrong,Hello Dolly!,1964,1960,M,JAZZ,2,191,S,,Evening,Y,1960
Louis Armstrong,We Have All the Time in the World,1969,1960,M,JAZZ,2,192,S,,Night,Y,1960
Love Affair,Everlasting Love,1967,1960,G,POP,2,193,S,,Night,Y,1960
Lulu,Shout,1964,1960,F,POP,3,194,S,,Afternoon,Y,1960
Lulu,To Sir with Love,1967,1960,F,POP,2,195,S,,Evening,Y,1960
Manfred Mann,Do Wah Diddy Diddy,1964,1960,G,POP,2,196,S,,Night,Y,1960
Manfred Mann,Pretty Flamingo,1966,1960,G,POP,2,197,S,,Evening,Y,1960
Marianne Faithfull,As Tears Go By,1964,1960,F,POP,2,198,S,,Evening,Y,1960
Marmalade The,Ob-La-Di Ob-La-Da,1968,1960,G,POP,3,199,S,,Afternoon,Y,1960
Martha & The Vandellas,Dancing in the Street,1964,1960,G,SOUL,3,200,S,,Afternoon,Y,1960
Martha & The Vandellas,(Love Is Like a) Heat Wave,1963,1960,G,SOUL,2,201,S,,Evening,Y,1960
Marvin Gaye,I Heard It Through the Grapevine,1968,1960,M,SOUL,3,202,S,,Afternoon,Y,1960
Marvin Gaye,It Takes Two,1966,1960,M,SOUL,3,203,S,,Afternoon,Y,1960
Kim Weston,It Takes Two,1966,1960,F,SOUL,2,204,S,,Night,Y,1960
Marvin Gaye,Ain't No Mountain High Enough,1967,1960,M,SOUL,4,205,S,,Morning,Y,1960
Tammi Terrell,Ain't No Mountain High Enough,1967,1960,F,SOUL,3,206,S,,Afternoon,Y,1960
Mary Hopkin,Those Were the Days,1968,1960,F,POP,3,207,S,,Afternoon,Y,1960
Mary Wells,My Guy,1964,1960,F,SOUL,2,208,S,,Night,Y,1960
Matt Monro,Portrait of My Love,1960,1960,M,POP,1,209,S,,Night,Y,1960
Matt Monro,From Russia with Love,1963,1960,M,POP,1,210,S,,Evening,Y,1960
Matt Monro,Born Free,1966,1960,M,POP,2,211,S,,Night,Y,1960
Maurice Williams & The Zodiacs,Stay,1960,1960,G,POP,2,212,S,,Night,Y,1960
Merseybeats The,I Think of You,1964,1960,G,POP,3,213,S,,Afternoon,Y,1960
Millie,My Boy Lollipop,1964,1960,F,POP,4,214,S,,Morning,Y,1960
Monkees The,I'm a Believer,1966,1960,G,POP,3,215,S,,Afternoon,Y,1960
Monkees The,Daydream Believer,1967,1960,G,POP,2,216,S,,Night,Y,1960
Monkees The,Last Train to Clarksville,1966,1960,G,POP,2,217,S,,Evening,Y,1960
Moody Blues The,Nights in White Satin,1967,1960,G,ROCK,3,218,S,,Afternoon,Y,1960
Moody Blues The,Go Now,1964,1960,G,ROCK,2,219,S,,Night,Y,1960
Nat King Cole,L-O-V-E,1964,1960,M,JAZZ,1,220,S,,Night,Y,1960
Neil Diamond,Sweet Caroline,1969,1960,M,POP,4,221,S,,Morning,Y,1960
Neil Sedaka,Breaking Up Is Hard to Do,1962,1960,M,POP,2,222,S,,Evening,Y,1960
Nina Simone,Feeling Good,1965,1960,F,JAZZ,2,223,S,,Night,Y,1960
Norman Greenbaum,Spirit in the Sky,1969,1960,M,ROCK,4,224,S,,Afternoon,Y,1960
Otis Redding,(Sittin' On) The Dock of the Bay,1967,1960,M,SOUL,3,225,S,,Afternoon,Y,1960
Otis Redding,Try a Little Tenderness,1966,1960,M,SOUL,2,226,S,,Night,Y,1960
Otis Redding,Hard to Handle,1968,1960,M,SOUL,4,227,S,,Afternoon,Y,1960
Pat Boone,Speedy Gonzales,1962,1960,M,POP,2,228,S,,Evening,Y,1960
Patsy Cline,Crazy,1961,1960,F,COUNTRY,2,229,S,,Night,Y,1960
Patsy Cline,I Fall to Pieces,1961,1960,F,COUNTRY,4,230,S,,Afternoon,Y,1960
Percy Sledge,When a Man Loves a Woman,1966,1960,M,SOUL,4,231,S,,Morning,Y,1960
Peter Sarstedt,Where Do You Go To (My Lovely)?,1969,1960,M,POP,2,232,S,,Evening,Y,1960
Petula Clark,Downtown,1964,1960,F,POP,3,233,S,,Afternoon,Y,1960
Petula Clark,Sailor,1961,1960,F,POP,4,234,S,,Morning,Y,1960
Procol Harum,A Whiter Shade of Pale,1967,1960,G,ROCK,2,235,S,,Night,Y,1960
Ray Charles,Georgia on My Mind,1960,1960,M,SOUL,2,236,S,,Evening,Y,1960
Ray Charles,Hit the Road Jack,1961,1960,M,SOUL,4,237,S,,Afternoon,Y,1960
Ray Charles,I Can't Stop Loving You,1962,1960,M,SOUL,2,238,S,,Evening,Y,1960
Rick Nelson,Hello Mary Lou,1961,1960,M,POP,4,239,S,,Afternoon,Y,1960
Righteous Brothers The,You've Lost That Lovin' Feelin',1964,1960,G,POP,2,240,S,,Evening,Y,1960
Righteous Brothers The,Unchained Melody,1965,1960,G,POP,4,241,S,,Morning,Y,1960
Rolling Stones The,(I Can't Get No) Satisfaction,1965,1960,G,ROCK,2,242,S,,Night,Y,1960
Rolling Stones The,Paint It Black,1966,1960,G,ROCK,3,243,S,,Afternoon,Y,1960
Rolling Stones The,Honky Tonk Women,1969,1960,G,ROCK,3,244,S,,Afternoon,Y,1960
Ronettes The,Be My Baby,1963,1960,G,POP,2,245,S,,Evening,Y,1960
Roy Orbison,Oh Pretty Woman,1964,1960,M,POP,4,246,S,,Morning,Y,1960
Roy Orbison,Only the Lonely,1960,1960,M,POP,4,247,S,,Afternoon,Y,1960
Roy Orbison,Crying,1961,1960,M,POP,4,248,S,,Morning,Y,1960
Sam & Dave,Soul Man,1967,1960,G,SOUL,2,249,S,,Night,Y,1960
Sam Cooke,Wonderful World,1960,1960,M,SOUL,2,250,S,,Night,Y,1960
Sam Cooke,A Change Is Gonna Come,1964,1960,M,SOUL,2,251,S,,Night,Y,1960
Sam Cooke,Cupid,1961,1960,M,SOUL,2,252,S,,Evening,Y,1960
Sam Cooke,Twistin' the Night Away,1962,1960,M,SOUL,3,253,S,,Afternoon,Y,1960
Sam the Sham & The Pharaohs,Wooly Bully,1965,1960,G,ROCK,2,254,S,,Evening,Y,1960
Sandie Shaw,Puppet on a String,1967,1960,F,POP,2,255,S,,Evening,Y,1960
Sandie Shaw,(There's) Always Something There to Remind Me,1964,1960,F,POP,3,256,S,,Afternoon,Y,1960
Searchers The,Needles and Pins,1964,1960,G,POP,4,257,S,,Morning,Y,1960
Searchers The,When You Walk in the Room,1964,1960,G,POP,4,258,S,,Morning,Y,1960
Searchers The,Sweets for My Sweet,1963,1960,G,POP,3,259,S,,Afternoon,Y,1960
Shirley Bassey,Goldfinger,1964,1960,F,POP,4,260,S,,Afternoon,Y,1960
Shirley Bassey,Big Spender,1967,1960,F,POP,3,261,S,,Afternoon,Y,1960
Shocking Blue,Venus,1969,1960,G,ROCK,3,262,S,,Afternoon,Y,1960
Simon & Garfunkel,Mrs. Robinson,1968,1960,G,POP,4,263,S,,Morning,Y,1960
Simon & Garfunkel,The Sound of Silence,1964,1960,G,POP,4,264,S,,Afternoon,Y,1960
Simon & Garfunkel,The Boxer,1969,1960,G,POP,4,265,S,,Morning,Y,1960
Small Faces,Itchycoo Park,1967,1960,G,ROCK,4,266,S,,Afternoon,Y,1960
Small Faces,All or Nothing,1966,1960,G,ROCK,3,267,S,,Afternoon,Y,1960
Smokey Robinson,The Tracks of My Tears,1965,1960,M,SOUL,3,268,S,,Afternoon,Y,1960
Sonny & Cher,I Got You Babe,1965,1960,G,POP,2,269,S,,Night,Y,1960
Spencer Davis Group,Keep on Running,1965,1960,G,ROCK,4,270,S,,Morning,Y,1960
Steam,Na Na Hey Hey Kiss Him Goodbye,1969,1960,G,POP,2,271,S,,Evening,Y,1960
Steppenwolf,Born to Be Wild,1968,1960,G,ROCK,3,272,S,,Afternoon,Y,1960
Stevie Wonder,For Once in My Life,1968,1960,M,SOUL,4,273,S,,Afternoon,Y,1960
Supremes The,Baby Love,1964,1960,G,SOUL,4,274,S,,Morning,Y,1960
Supremes The,Stop! In the Name of Love,1965,1960,G,SOUL,2,275,S,,Evening,Y,1960
Supremes The,You Can't Hurry Love,1966,1960,G,SOUL,2,276,S,,Evening,Y,1960
Supremes The,Where Did Our Love Go,1964,1960,G,SOUL,3,277,S,,Afternoon,Y,1960
Supremes The,You Keep Me Hangin' On,1966,1960,G,SOUL,4,278,S,,Afternoon,Y,1960
Tammy Wynette,Stand by Your Man,1968,1960,F,COUNTRY,4,279,S,,Morning,Y,1960
Them,Gloria,1964,1960,G,ROCK,3,280,S,,Afternoon,Y,1960
Troggs The,Wild Thing,1966,1960,G,ROCK,3,281,S,,Afternoon,Y,1960
Troggs The,Love Is All Around,1967,1960,G,ROCK,3,282,S,,Afternoon,Y,1960
Turtles The,Happy Together,1967,1960,G,POP,4,283,S,,Morning,Y,1960
Unit 4 + 2,Concrete and Clay,1965,1960,G,POP,3,284,S,,Afternoon,Y,1960
Val Doonican,Walk Tall,1964,1960,M,POP,2,285,S,,Night,Y,1960
Val Doonican,The Special Years,1965,1960,M,POP,2,286,S,,Evening,Y,1960
Van Morrison,Brown Eyed Girl,1967,1960,M,ROCK,3,287,S,,Afternoon,Y,1960
Walker Brothers The,Make It Easy on Yourself,1965,1960,G,POP,4,288,S,,Morning,Y,1960
Walker Brothers The,The Sun Ain't Gonna Shine Anymore,1966,1960,G,POP,2,289,S,,Evening,Y,1960
Who The,My Generation,1965,1960,G,ROCK,3,290,S,,Afternoon,Y,1960
Who The,Pinball Wizard,1969,1960,G,ROCK,3,291,S,,Afternoon,Y,1960
Who The,Substitute,1966,1960,G,ROCK,4,292,S,,Afternoon,Y,1960
Amen Corner,(If Paradise Is) Half as Nice,1969,1960,G,POP,2,293,S,,Evening,Y,1960
Animals,Don't Let Me Be Misunderstood,1965,1960,G,ROCK,4,294,S,,Morning,Y,1960
Animals,House of the Rising Sun,1964,1960,G,ROCK,4,295,S,,Afternoon,Y,1960
Archies,Sugar,1969,1960,G,POP,2,296,S,,Night,Y,1960
Archies,Sugar Sugar,1969,1960,G,POP,3,297,S,,Afternoon,Y,1960
Beach Boys,California Girls,1965,1960,G,POP,3,298,S,,Afternoon,Y,1960
Beach Boys,Good Vibrations,1966,1960,G,POP,4,299,S,,Afternoon,Y,1960
Beach Boys,Sloop John B,1966,1960,G,POP,2,300,S,,Night,Y,1960
Box Tops,The Letter,1967,1960,G,POP,4,301,S,,Morning,Y,1960
Byrds,Mr. Tambourine Man,1965,1960,G,POP,4,302,S,,Morning,Y,1960
Chiffons,He's So Fine,1963,1960,G,POP,3,303,S,,Afternoon,Y,1960
Chiffons,One Fine Day,1963,1960,G,POP,4,304,S,,Morning,Y,1960
Chris Farlowe,Out of Time,1966,1960,M,POP,2,305,S,,Night,Y,1960
Cilla Black,Alfie,1966,1960,F,POP,4,306,S,,Morning,Y,1960
Cilla Black,Anyone Who Had a Heart,1964,1960,F,POP,3,307,S,,Afternoon,Y,1960
Cilla Black,Step Inside Love,1968,1960,F,POP,4,308,S,,Morning,Y,1960
Cilla Black,You're My World,1964,1960,F,POP,3,309,S,,Afternoon,Y,1960
Crystals,Da Doo Ron Ron,1963,1960,G,POP,4,310,S,,Morning,Y,1960
Dave Clark Five,Bits and Pieces,1964,1960,G,POP,3,311,S,,Afternoon,Y,1960
Dave Dee Dozy Beaky Mitch & Titch,The Legend of Xanadu,1968,1960,G,POP,4,312,S,,Morning,Y,1960
Del Shannon,Runaway,1961,1960,M,POP,3,313,S,,Afternoon,Y,1960
Desmond Dekker,Israelites,1968,1960,M,REGGAE,3,314,S,,Afternoon,Y,1960
Dion,Runaround Sue,1961,1960,M,POP,4,315,S,,Afternoon,Y,1960
Drifters,Save the Last Dance for Me,1960,1960,G,POP,3,316,S,,Afternoon,Y,1960
Drifters,Under the Boardwalk,1964,1960,G,POP,3,317,S,,Afternoon,Y,1960
Drifters,Up on the Roof,1962,1960,G,POP,4,318,S,,Afternoon,Y,1960
Engelbert Humperdinck,Release Me,1967,1960,M,POP,2,319,S,,Night,Y,1960
Engelbert Humperdinck,The Last Waltz,1967,1960,M,POP,4,320,S,,Morning,Y,1960
Everly Brothers,Cathy's Clown,1960,1960,G,POP,2,321,S,,Night,Y,1960
Fleetwood Mac,Albatross,1968,1960,G,ROCK,3,322,S,,Afternoon,Y,1960
Foundations,Baby Now That I've Found You,1967,1960,G,SOUL,2,323,S,,Night,Y,1960
Foundations,Build Me Up Buttercup,1968,1960,G,SOUL,4,324,S,,Morning,Y,1960
Four Tops,I Can't Help Myself (Sugar Pie Honey Bunch),1965,1960,G,SOUL,4,325,S,,Afternoon,Y,1960
Four Tops,Reach Out I'll Be There,1966,1960,G,SOUL,2,326,S,,Night,Y,1960
Gerry and the Pacemakers,Ferry Cross the Mersey,1964,1960,G,POP,2,327,S,,Evening,Y,1960
Gerry and the Pacemakers,I Like It,1963,1960,G,POP,3,328,S,,Afternoon,Y,1960
Gerry and the Pacemakers,You'll Never Walk Alone,1963,1960,G,POP,4,329,S,,Morning,Y,1960
Hollies,Bus Stop,1966,1960,G,POP,4,330,S,,Afternoon,Y,1960
Hollies,Carrie Anne,1967,1960,G,POP,2,331,S,,Night,Y,1960
Hollies,He Ain't Heavy He's My Brother,1969,1960,G,POP,4,332,S,,Afternoon,Y,1960
Lovin' Spoonful,Daydream,1966,1960,G,POP,4,333,S,,Afternoon,Y,1960
Lovin' Spoonful,Summer in the City,1966,1960,G,POP,2,334,S,,Night,Y,1960
Mamas & The Papas,California Dreamin',1965,1960,G,POP,4,335,S,,Morning,Y,1960
Mamas & The Papas,Monday Monday,1966,1960,g,pop,3,336,S,,Afternoon,Y,1960
Martha Reeves & The Vandellas,Dancing in the Street,1964,1960,G,SOUL,4,337,S,,Morning,Y,1960
Martha and the Vandellas,Dancing in the Street,1964,1960,G,SOUL,2,338,S,,Night,Y,1960
Marvelettes,Please Mr. Postman,1961,1960,G,SOUL,2,339,S,,Evening,Y,1960
Mary Hopkin,Goodbye,1969,1960,F,POP,2,340,S,,Evening,Y,1960
Overlanders,Michelle,1966,1960,G,POP,4,341,S,,Afternoon,Y,1960
Petula Clark,Don't Sleep in the Subway,1967,1960,F,POP,2,342,S,,Evening,Y,1960
Petula Clark,I Know a Place,1965,1960,F,POP,3,343,S,,Afternoon,Y,1960
Rolling Stones,Ruby Tuesday,1967,1960,G,ROCK,4,344,S,,Afternoon,Y,1960
Shadows,Apache,1960,1960,G,POP,2,345,S,,Night,Y,1960
Shirelles,Will You Love Me Tomorrow,1960,1960,G,POP,2,346,S,,Evening,Y,1960
Smokey Robinson & The Miracles,The Tears of a Clown,1967,1960,G,SOUL,3,347,S,,Afternoon,Y,1960
Smokey Robinson & The Miracles,The Tracks of My Tears,1965,1960,G,SOUL,2,348,S,,Night,Y,1960
Status Quo,Pictures of Matchstick Men,1968,1960,G,ROCK,2,349,S,,Evening,Y,1960
Stevie Wonder,Uptight (Everything's Alright),1965,1960,M,SOUL,3,350,S,,Afternoon,Y,1960
Tams,"Be Young, Be Foolish, Be Happy",1968,1960,G,SOUL,2,351,S,,Evening,Y,1960
Temptations,My Girl,1964,1960,G,SOUL,2,352,S,,Evening,Y,1960
Thunderclap Newman,Something in the Air,1969,1960,G,ROCK,3,353,S,,Afternoon,Y,1960
Tom Jones,Delilah,1968,1960,M,POP,2,354,S,,Night,Y,1960
Tom Jones,Green Green Grass of Home,1966,1960,M,POP,2,355,S,,Evening,Y,1960
Tom Jones,It's Not Unusual,1965,1960,M,POP,3,356,S,,Afternoon,Y,1960
Tony Bennett,I Left My Heart in San Francisco,1962,1960,M,JAZZ,2,357,S,,Evening,Y,1960
Tremeloes,Silence Is Golden,1967,1960,G,POP,3,358,S,,Afternoon,Y,1960
Wilson Pickett,In the Midnight Hour,1965,1960,M,SOUL,2,359,S,,Night,Y,1960
Yardbirds,For Your Love,1965,1960,G,ROCK,3,360,S,,Afternoon,Y,1960
Rod Stewart,I Don't Want to Talk About It,1975,1970,M,ROCK,3,633,S,,Afternoon,Y,1970
Bob Marley & The Wailers,One Love / People Get Ready,1977,1970,G,REGGAE,4,416,S,,Morning,Y,1970
Paul McCartney,Silly Love Songs,1976,1970,M,ROCK,3,599,S,,Afternoon,Y,1970
Bay City Rollers,Bye Bye Baby,1975,1970,G,POP,4,394,S,,Morning,Y,1970
Sister Sledge,Lost in Music,1979,1970,G,SOUL,3,647,S,,Afternoon,Y,1970
Drifters,Kissin' in the Back Row of the Movies,1974,1970,G,POP,4,732,S,,Afternoon,Y,1970
Queen,Somebody to Love,1976,1970,G,ROCK,5,619,S,,Morning,Y,1970
Electric Light Orchestra,Don't Bring Me Down,1979,1970,G,ROCK,3,469,S,,Afternoon,Y,1970
Police The,Message in a Bottle,1979,1970,G,ROCK,3,614,S,,Afternoon,Y,1970
Meat Loaf,Bat Out of Hell,1977,1970,M,ROCK,2,564,S,,Evening,Y,1970
Barry White,You're the First the Last My Everything,1974,1970,M,SOUL,2,391,S,,Night,Y,1970
Queen,Love of My Life,1975,1970,G,ROCK,5,623,S,,Afternoon,Y,1970
Charlie Rich,The Most Beautiful Girl,1973,1970,M,COUNTRY,4,721,S,,Afternoon,Y,1970
David Bowie,Heroes,1977,1970,M,ROCK,4,443,S,,Morning,Y,1970
Cheap Trick,I Want You to Want Me,1977,1970,G,ROCK,2,434,S,,Night,Y,1970
Bob Marley & The Wailers,Jamming,1977,1970,G,REGGAE,2,417,S,,Night,Y,1970
Supertramp,Breakfast in America,1979,1970,G,ROCK,4,668,S,,Afternoon,Y,1970
Slade,Coz I Luv You,1971,1970,G,ROCK,2,650,S,,Evening,Y,1970
Sweet The,Block Buster!,1973,1970,G,ROCK,2,672,S,,Night,Y,1970
Curtis Mayfield,Move On Up,1970,1970,M,SOUL,2,440,S,,Evening,Y,1970
Hot Chocolate,You Sexy Thing,1975,1970,G,SOUL,2,743,S,,Night,Y,1970
ABBA,Gimme! Gimme! Gimme! (A Man After Midnight),1979,1970,G,POP,4,370,S,,Morning,Y,1970
Whispers,And the Beat Goes On,1979,1970,G,SOUL,2,771,S,,Night,Y,1970
Cat Stevens,Morning Has Broken,1971,1970,M,ROCK,3,431,S,,Afternoon,Y,1970
Neil Diamond,Forever in Blue Jeans,1979,1970,M,POP,4,581,S,,Afternoon,Y,1970
Elton John,Goodbye Yellow Brick Road,1973,1970,M,POP,4,474,S,,Afternoon,Y,1970
Chi-Lites,Have You Seen Her,1971,1970,G,SOUL,2,722,S,,Night,Y,1970
Brotherhood of Man,Figaro,1978,1970,G,POP,2,718,S,,Night,Y,1970
Osmonds,Crazy Horses,1972,1970,G,ROCK,2,752,S,,Night,Y,1970
Led Zeppelin,Stairway to Heaven,1971,1970,G,ROCK,4,545,S,,Morning,Y,1970
Tom Jones,She's a Lady,1971,1970,M,POP,2,768,S,,Night,Y,1970
Kinks The,Lola,1970,1970,G,ROCK,3,541,S,,Afternoon,Y,1970
Cliff Richard,Devil Woman,1976,1970,M,POP,3,439,S,,Afternoon,Y,1970
Styx,Babe,1979,1970,G,ROCK,3,666,S,,Afternoon,Y,1970
Sister Sledge,We Are Family,1979,1970,G,SOUL,3,645,S,,Afternoon,Y,1970
Talking Heads,Psycho Killer,1977,1970,G,ROCK,3,679,S,,Afternoon,Y,1970
Suzi Quatro,Devil Gate Drive,1974,1970,F,ROCK,3,671,S,,Afternoon,Y,1970
Fleetwood Mac,Rhiannon,1975,1970,G,ROCK,2,487,S,,Evening,Y,1970
Al Green,Let's Stay Together,1971,1970,M,SOUL,4,376,S,,Afternoon,Y,1970
Bread,Make It with You,1970,1970,G,POP,3,717,S,,Afternoon,Y,1970
10cc,I'm Not in Love,1975,1970,G,POP,3,361,S,,Afternoon,Y,1970
Kool & The Gang,Ladies Night,1979,1970,G,SOUL,2,542,S,,Night,Y,1970
Wings,Jet,1973,1970,G,ROCK,3,696,S,,Afternoon,Y,1970
Paul Simon,Still Crazy After All These Years,1975,1970,M,ROCK,3,605,S,,Afternoon,Y,1970
Wings,With a Little Luck,1978,1970,G,ROCK,2,698,S,,Night,Y,1970
Bread,Everything I Own,1972,1970,G,POP,3,715,S,,Afternoon,Y,1970
Chaka Khan,I'm Every Woman,1978,1970,F,SOUL,2,433,S,,Evening,Y,1970
Don McLean,American Pie,1971,1970,M,ROCK,2,451,S,,Evening,Y,1970
Elton John,Don't Go Breaking My Heart,1976,1970,M,POP,2,475,S,,Evening,Y,1970
Donna Summer,MacArthur Park,1978,1970,F,POP,4,455,S,,Morning,Y,1970
Rod Stewart,Da Ya Think I'm Sexy?,1978,1970,M,ROCK,4,632,S,,Morning,Y,1970
Sammy Davis Jr.,The Candy Man,1972,1970,M,POP,2,760,S,,Night,Y,1970
Donna Summer,I Feel Love,1977,1970,F,POP,3,454,S,,Afternoon,Y,1970
Bill Withers,Ain't No Sunshine,1971,1970,M,SOUL,4,403,S,,Afternoon,Y,1970
Kate Bush,The Man with the Child in His Eyes,1978,1970,F,POP,4,534,S,,Afternoon,Y,1970
Gloria Gaynor,I Will Survive,1978,1970,F,POP,4,501,S,,Afternoon,Y,1970
Bee Gees,More Than a Woman,1977,1970,G,POP,2,400,S,,Night,Y,1970
Sayer Leo,When I Need You,1977,1970,M,POP,2,761,S,,Night,Y,1970
Barbra Streisand,Evergreen,1976,1970,F,POP,3,386,S,,Afternoon,Y,1970
James Taylor,You've Got a Friend,1971,1970,M,ROCK,3,516,S,,Afternoon,Y,1970
Madness,My Girl,1979,1970,G,POP,3,556,S,,Afternoon,Y,1970
Gilbert O'Sullivan,Get Down,1973,1970,M,POP,2,498,S,,Evening,Y,1970
Cliff Richard,We Don't Talk Anymore,1979,1970,M,POP,3,438,S,,Afternoon,Y,1970
Paper Lace,The Night Chicago Died,1974,1970,G,POP,2,590,S,,Evening,Y,1970
Art Garfunkel,I Only Have Eyes for You,1975,1970,M,POP,3,383,S,,Afternoon,Y,1970
Billy Joel,Just the Way You Are,1977,1970,M,POP,3,407,S,,Afternoon,Y,1970
Christopher Cross,Sailing,1979,1970,M,POP,4,437,S,,Morning,Y,1970
Thin Lizzy,The Boys Are Back in Town,1976,1970,G,ROCK,4,682,S,,Morning,Y,1970
Michael Jackson,Rock with You,1979,1970,M,POP,4,570,S,,Afternoon,Y,1970
Ian Dury & The Blockheads,Hit Me with Your Rhythm Stick,1978,1970,G,ROCK,3,509,S,,Afternoon,Y,1970
Boney M.,Rivers of Babylon,1978,1970,G,POP,3,418,S,,Afternoon,Y,1970
Tymes,Ms. Grace,1974,1970,G,SOUL,3,769,S,,Afternoon,Y,1970
Barbra Streisand,The Way We Were,1973,1970,F,POP,4,385,S,,Afternoon,Y,1970
Alvin Stardust,My Coo Ca Choo,1973,1970,M,ROCK,2,378,S,,Night,Y,1970
Neil Diamond,I'm a Believer,1970,1970,M,POP,4,749,S,,Afternoon,Y,1970
O'Jays,Love Train,1972,1970,G,SOUL,4,751,S,,Morning,Y,1970
Barry White,Can't Get Enough of Your Love Babe,1974,1970,M,SOUL,3,392,S,,Afternoon,Y,1970
Simon & Garfunkel,Bridge over Troubled Water,1970,1970,G,POP,2,642,S,,Night,Y,1970
Jackson 5,I'll Be There,1970,1970,G,SOUL,4,514,S,,Morning,Y,1970
Marc Bolan & T. Rex,Ride a White Swan,1970,1970,G,ROCK,3,559,S,,Afternoon,Y,1970
David Essex,Rock On,1973,1970,M,POP,3,445,S,,Afternoon,Y,1970
Tavares,More Than a Woman,1977,1970,G,DISCO,2,767,S,,Evening,Y,1970
Kate Bush,Wuthering Heights,1978,1970,F,POP,3,533,S,,Afternoon,Y,1970
ABBA,Mamma Mia,1975,1970,G,POP,4,366,S,,Afternoon,Y,1970
Billy Joel,Piano Man,1973,1970,M,POP,2,406,S,,Night,Y,1970
Stylistics,Can't Give You Anything (But My Love),1975,1970,G,SOUL,3,762,S,,Afternoon,Y,1970
Ottawan,D.I.S.C.O.,1979,1970,G,DISCO,2,753,S,,Evening,Y,1970
Elvis Presley,Always on My Mind,1972,1970,M,POP,5,479,S,,Morning,Y,1970
Hollies,The Air That I Breathe,1974,1970,G,POP,4,741,S,,Afternoon,Y,1970
Wings,Silly Love Songs,1976,1970,G,ROCK,4,600,S,,Morning,Y,1970
Status Quo,Whatever You Want,1979,1970,G,ROCK,4,655,S,,Morning,Y,1970
ABBA,Knowing Me Knowing You,1976,1970,G,POP,4,364,S,,Morning,Y,1970
Alvin Stardust,Jealous Mind,1974,1970,M,ROCK,2,379,S,,Evening,Y,1970
Elton John,Candle in the Wind,1973,1970,M,POP,4,477,S,,Morning,Y,1970
Bonnie Tyler,It's a Heartache,1977,1970,F,POP,4,421,S,,Morning,Y,1970
Thin Lizzy,Dancing in the Moonlight,1977,1970,G,ROCK,4,684,S,,Afternoon,Y,1970
Sailor,A Glass of Champagne,1975,1970,G,POP,2,759,S,,Night,Y,1970
Carly Simon,You're So Vain,1972,1970,F,POP,2,424,S,,Night,Y,1970
Hot Chocolate,Everyone's a Winner,1978,1970,G,SOUL,3,742,S,,Afternoon,Y,1970
Lulu,The Man Who Sold the World,1974,1970,F,POP,3,554,S,,Afternoon,Y,1970
Elton John,Your Song,1970,1970,M,POP,2,471,S,,Evening,Y,1970
Stevie Wonder,You Are the Sunshine of My Life,1972,1970,M,SOUL,4,665,S,,Afternoon,Y,1970
Neil Diamond,Cracklin' Rosie,1970,1970,M,POP,4,580,S,,Afternoon,Y,1970
Edison Lighthouse,Love Grows (Where My Rosemary Goes),1970,1970,G,POP,4,465,S,,Morning,Y,1970
Slade,Merry Xmas Everybody,1973,1970,G,ROCK,2,648,S,,Night,Y,1970
Suzy Quatro,Can the Can,1973,1970,F,ROCK,4,764,S,,Morning,Y,1970
Wings,Mull of Kintyre,1977,1970,G,ROCK,2,598,S,,Evening,Y,1970
Paul McCartney,Maybe I'm Amazed,1970,1970,M,ROCK,2,592,S,,Evening,Y,1970
Eagles,Lyin' Eyes,1975,1970,G,ROCK,2,462,S,,Evening,Y,1970
Perry Como,And I Love You So,1973,1970,M,POP,3,606,S,,Afternoon,Y,1970
Barry Manilow,I Write the Songs,1975,1970,M,POP,2,390,S,,Evening,Y,1970
Free,All Right Now,1970,1970,G,ROCK,2,492,S,,Night,Y,1970
KC and the Sunshine Band,Get Down Tonight,1975,1970,G,DISCO,4,745,S,,Afternoon,Y,1970
Real Thing The,Can't Get By Without You,1976,1970,G,SOUL,3,626,S,,Afternoon,Y,1970
Ozark Mountain Daredevils,Jackie Blue,1974,1970,G,ROCK,3,588,S,,Afternoon,Y,1970
Chicago,If You Leave Me Now,1976,1970,G,ROCK,4,436,S,,Afternoon,Y,1970
Fleetwood Mac,Don't Stop,1977,1970,G,ROCK,2,485,S,,Night,Y,1970
Gary Glitter,I'm the Leader of the Gang (I Am),1973,1970,M,ROCK,3,493,S,,Afternoon,Y,1970
Al Green,I'm Still in Love with You,1972,1970,M,SOUL,2,377,S,,Night,Y,1970
Carpenters,Top of the World,1972,1970,G,POP,2,427,S,,Night,Y,1970
Jean Knight,Mr. Big Stuff,1971,1970,F,SOUL,4,518,S,,Afternoon,Y,1970
ABBA,Waterloo,1974,1970,G,POP,5,368,S,,Afternoon,Y,1970
Gordon Lightfoot,If You Could Read My Mind,1970,1970,M,ROCK,3,502,S,,Afternoon,Y,1970
Andy Williams,(Where Do I Begin?) Love Story,1971,1970,M,POP,2,380,S,,Evening,Y,1970
10cc,The Things We Do for Love,1976,1970,G,POP,4,703,S,,Afternoon,Y,1970
Christie,Yellow River,1970,1970,G,POP,4,726,S,,Afternoon,Y,1970
Rose Royce,Car Wash,1976,1970,G,DISCO,2,758,S,,Evening,Y,1970
Stevie Wonder,Sir Duke,1976,1970,M,SOUL,4,663,S,,Afternoon,Y,1970
Lynn Anderson,Rose Garden,1970,1970,F,COUNTRY,4,555,S,,Morning,Y,1970
Chic,Good Times,1979,1970,G,DISCO,2,723,S,,Evening,Y,1970
John Lennon,Instant Karma! (We All Shine On),1970,1970,M,POP,3,526,S,,Afternoon,Y,1970
Electric Light Orchestra,Sweet Talkin' Woman,1977,1970,G,ROCK,3,470,S,,Afternoon,Y,1970
Joni Mitchell,Big Yellow Taxi,1970,1970,F,ROCK,3,529,S,,Afternoon,Y,1970
New Seekers The,I'd Like to Teach the World to Sing,1971,1970,G,POP,3,583,S,,Afternoon,Y,1970
Grease Cast,Summer Nights,1978,1970,G,POP,2,506,S,,Night,Y,1970
Rod Stewart,The First Cut Is the Deepest,1977,1970,M,ROCK,2,635,S,,Evening,Y,1970
David Bowie,Changes,1971,1970,M,ROCK,3,444,S,,Afternoon,Y,1970
Wings,Band on the Run,1973,1970,G,ROCK,4,594,S,,Afternoon,Y,1970
Jackson 5,ABC,1970,1970,G,SOUL,2,513,S,,Evening,Y,1970
Cher,Gypsys Tramps & Thieves,1971,1970,F,POP,4,435,S,,Morning,Y,1970
Michael Jackson,Don't Stop 'Til You Get Enough,1979,1970,M,POP,4,569,S,,Afternoon,Y,1970
Elvis Presley,The Wonder of You,1970,1970,M,POP,5,480,S,,Morning,Y,1970
Rick Nelson,Garden Party,1972,1970,M,POP,2,627,S,,Evening,Y,1970
Who The,Behind Blue Eyes,1971,1970,G,ROCK,2,695,S,,Evening,Y,1970
Pipkins,Gimme Dat Ding,1970,1970,G,POP,3,755,S,,Afternoon,Y,1970
Boney M.,Sunny,1976,1970,G,DISCO,3,713,S,,Afternoon,Y,1970
T. Rex,Metal Guru,1972,1970,G,ROCK,2,678,S,,Night,Y,1970
Bee Gees,Night Fever,1977,1970,G,POP,3,397,S,,Afternoon,Y,1970
Glen Campbell,Rhinestone Cowboy,1975,1970,M,COUNTRY,4,500,S,,Morning,Y,1970
Stevie Wonder,Superstition,1972,1970,M,SOUL,4,662,S,,Morning,Y,1970
KC & The Sunshine Band,Please Don't Go,1979,1970,G,POP,4,537,S,,Morning,Y,1970
Paper Lace,Billy Don't Be a Hero,1974,1970,G,POP,2,589,S,,Evening,Y,1970
Van Morrison,Moondance,1970,1970,M,ROCK,2,690,S,,Evening,Y,1970
Boney M.,Rasputin,1978,1970,G,POP,2,420,S,,Evening,Y,1970
Elton John,Rocket Man (I Think It's Going to Be a Long Long Time),1972,1970,M,POP,4,472,S,,Morning,Y,1970
Emotions,Best of My Love,1977,1970,G,DISCO,4,735,S,,Afternoon,Y,1970
Little River Band,Reminiscing,1978,1970,G,ROCK,2,553,S,,Evening,Y,1970
ABBA,Fernando,1976,1970,G,POP,5,367,S,,Afternoon,Y,1970
Steely Dan,Rikki Don't Lose That Number,1974,1970,G,ROCK,2,658,S,,Night,Y,1970
Siouxsie and the Banshees,Hong Kong Garden,1978,1970,G,ROCK,3,644,S,,Afternoon,Y,1970
Jimmy Cliff,The Harder They Come,1972,1970,M,REGGAE,2,519,S,,Evening,Y,1970
Isley Brothers,Summer Breeze (Pt. 1),1973,1970,G,SOUL,4,511,S,,Morning,Y,1970
ABBA,Chiquitita,1979,1970,G,POP,5,371,S,,Afternoon,Y,1970
Marvin Gaye,Let's Get It On,1973,1970,M,SOUL,2,563,S,,Evening,Y,1970
Earth Wind & Fire,Boogie Wonderland,1979,1970,G,SOUL,4,464,S,,Afternoon,Y,1970
David Bowie,Starman,1972,1970,M,ROCK,2,442,S,,Night,Y,1970
Jacksons,Blame It on the Boogie,1978,1970,G,DISCO,4,744,S,,Afternoon,Y,1970
Specials The,A Message to You Rudy,1979,1970,G,ROCK,2,651,S,,Night,Y,1970
Johnny Nash,I Can See Clearly Now,1972,1970,M,REGGAE,2,528,S,,Evening,Y,1970
Leo Sayer,The Show Must Go On,1973,1970,M,POP,2,747,S,,Night,Y,1970
Nazareth,Love Hurts,1974,1970,G,ROCK,3,579,S,,Afternoon,Y,1970
Brotherhood of Man,Save Your Kisses for Me,1976,1970,G,POP,3,719,S,,Afternoon,Y,1970
Kenny Rogers,The Gambler,1978,1970,M,COUNTRY,4,538,S,,Afternoon,Y,1970
KC & The Sunshine Band,Get Down Tonight,1975,1970,G,POP,3,536,S,,Afternoon,Y,1970
Dolly Parton,I Will Always Love You,1974,1970,F,COUNTRY,2,450,S,,Evening,Y,1970
Wizzard,See My Baby Jive,1973,1970,G,ROCK,4,699,S,,Morning,Y,1970
John Lennon,Imagine,1971,1970,M,POP,4,524,S,,Afternoon,Y,1970
Harry Nilsson,Without You,1971,1970,M,POP,3,508,S,,Afternoon,Y,1970
Tina Charles,I Love to Love,1976,1970,F,POP,3,687,S,,Afternoon,Y,1970
Donna Summer,Hot Stuff,1979,1970,F,POP,3,453,S,,Afternoon,Y,1970
Cat Stevens,Father and Son,1970,1970,M,ROCK,2,430,S,,Night,Y,1970
Fleetwood Mac,Go Your Own Way,1977,1970,G,ROCK,4,484,S,,Morning,Y,1970
Dr. Hook,When You're in Love with a Beautiful Woman,1979,1970,G,POP,3,457,S,,Afternoon,Y,1970
Olivia Newton-John,You're the One That I Want,1978,1970,F,POP,3,504,S,,Afternoon,Y,1970
New Seekers,"Beg, Steal or Borrow",1972,1970,G,POP,3,750,S,,Afternoon,Y,1970
Dr. Hook,A Little Bit More,1976,1970,G,POP,3,458,S,,Afternoon,Y,1970
Donna Summer,Love's Unkind,1977,1970,F,DISCO,4,731,S,,Afternoon,Y,1970
Carpenters,We've Only Just Begun,1970,1970,G,POP,3,429,S,,Afternoon,Y,1970
Badfinger,Without You,1970,1970,G,ROCK,3,384,S,,Afternoon,Y,1970
Bee Gees,Stayin' Alive,1977,1970,G,POP,4,398,S,,Afternoon,Y,1970
John Travolta,You're the One That I Want,1978,1970,M,POP,3,505,S,,Afternoon,Y,1970
Fleetwood Mac,Dreams,1977,1970,G,ROCK,4,483,S,,Afternoon,Y,1970
Michael Jackson,Ben,1972,1970,M,POP,4,571,S,,Afternoon,Y,1970
Kraftwerk,The Model,1978,1970,G,POP,4,543,S,,Afternoon,Y,1970
Carpenters,Rainy Days and Mondays,1971,1970,G,POP,2,428,S,,Evening,Y,1970
Main Ingredient The,Everybody Plays the Fool,1972,1970,G,SOUL,2,557,S,,Evening,Y,1970
Olivia Newton-John,Hopelessly Devoted to You,1978,1970,F,POP,2,586,S,,Evening,Y,1970
Three Degrees The,When Will I See You Again,1974,1970,G,SOUL,2,685,S,,Evening,Y,1970
Trammps The,Disco Inferno,1976,1970,G,DANCE,4,688,S,,Morning,Y,1970
Blondie,Denis,1978,1970,G,POP,2,711,S,,Night,Y,1970
Fleetwood Mac,The Chain,1977,1970,G,ROCK,3,486,S,,Afternoon,Y,1970
Hall & Oates,Rich Girl,1977,1970,G,POP,2,507,S,,Evening,Y,1970
Pink Floyd,Another Brick in the Wall (Part 2),1979,1970,G,ROCK,3,609,S,,Afternoon,Y,1970
Diana Ross,Ain't No Mountain High Enough,1970,1970,F,SOUL,4,447,S,,Afternoon,Y,1970
Baccara,Yes Sir I Can Boogie,1977,1970,G,DISCO,2,707,S,,Evening,Y,1970
New Seekers The,You Won't Find Another Fool Like Me,1973,1970,G,POP,2,584,S,,Night,Y,1970
Barry White,Let the Music Play,1975,1970,M,SOUL,3,708,S,,Afternoon,Y,1970
Michael Jackson,One Day in Your Life,1975,1970,M,POP,4,572,S,,Afternoon,Y,1970
Wings,Listen to What the Man Said,1975,1970,G,ROCK,3,697,S,,Afternoon,Y,1970
Sweet The,Ballroom Blitz,1973,1970,G,ROCK,2,673,S,,Night,Y,1970
Kris Kristofferson,Help Me Make It Through the Night,1970,1970,M,COUNTRY,4,544,S,,Morning,Y,1970
Village People,In the Navy,1979,1970,G,POP,2,692,S,,Evening,Y,1970
Steve Harley & Cockney Rebel,Make Me Smile (Come Up and See Me),1975,1970,G,ROCK,2,659,S,,Night,Y,1970
Middle of the Road,Soley Soley,1971,1970,G,POP,2,748,S,,Evening,Y,1970
Spinners The,Working My Way Back to You,1979,1970,G,SOUL,4,652,S,,Morning,Y,1970
Frankie Valli,Grease,1978,1970,M,POP,3,490,S,,Afternoon,Y,1970
Bee Gees,How Deep Is Your Love,1977,1970,G,POP,4,399,S,,Afternoon,Y,1970
ABBA,Money Money Money,1976,1970,G,POP,4,372,S,,Afternoon,Y,1970
Santana,Black Magic Woman,1970,1970,G,ROCK,3,639,S,,Afternoon,Y,1970
Lena Martell,One Day at a Time,1977,1970,F,POP,2,546,S,,Night,Y,1970
Paul McCartney,Live and Let Die,1973,1970,M,ROCK,4,595,S,,Afternoon,Y,1970
Elton John,Tiny Dancer,1971,1970,M,POP,2,473,S,,Evening,Y,1970
Kenny Rogers,Coward of the County,1979,1970,M,COUNTRY,4,540,S,,Morning,Y,1970
Steve Miller Band,The Joker,1973,1970,G,ROCK,4,660,S,,Afternoon,Y,1970
Rolling Stones The,Wild Horses,1971,1970,G,ROCK,2,638,S,,Evening,Y,1970
Roberta Flack,The First Time Ever I Saw Your Face,1972,1970,F,SOUL,3,629,S,,Afternoon,Y,1970
Elvis Costello,Oliver's Army,1979,1970,M,ROCK,5,478,S,,Morning,Y,1970
Heatwave,Boogie Nights,1976,1970,G,DISCO,4,740,S,,Morning,Y,1970
Sister Sledge,He's the Greatest Dancer,1979,1970,G,SOUL,4,646,S,,Morning,Y,1970
Ringo Starr,You're Sixteen,1973,1970,M,POP,4,757,S,,Morning,Y,1970
Steely Dan,Do It Again,1972,1970,G,ROCK,3,657,S,,Afternoon,Y,1970
Electric Light Orchestra,Telephone Line,1976,1970,G,ROCK,2,734,S,,Night,Y,1970
Pretenders The,Brass in Pocket,1979,1970,G,ROCK,3,616,S,,Afternoon,Y,1970
John Lennon,Jealous Guy,1971,1970,M,POP,2,525,S,,Night,Y,1970
Queen,Killer Queen,1974,1970,G,ROCK,5,622,S,,Afternoon,Y,1970
Gilbert O'Sullivan,Alone Again (Naturally),1972,1970,M,POP,2,497,S,,Evening,Y,1970
Jackson 5,Blame It on the Boogie,1978,1970,G,SOUL,2,515,S,,Night,Y,1970
Marc Bolan & T. Rex,Get It On,1971,1970,G,ROCK,2,560,S,,Evening,Y,1970
Manhattan Transfer,Chanson D'Amour,1977,1970,G,POP,3,558,S,,Afternoon,Y,1970
T. Rex,Get It On,1971,1970,G,ROCK,2,765,S,,Night,Y,1970
ABBA,Dancing Queen,1976,1970,G,POP,4,363,S,,Afternoon,Y,1970
Paul McCartney,Band on the Run,1973,1970,M,ROCK,2,593,S,,Evening,Y,1970
Meat Loaf,Paradise by the Dashboard Light,1977,1970,M,ROCK,3,565,S,,Afternoon,Y,1970
Kiki Dee,Don't Go Breaking My Heart,1976,1970,F,POP,2,476,S,,Evening,Y,1970
Pilot,January,1975,1970,G,POP,2,608,S,,Night,Y,1970
Pink Floyd,Comfortably Numb,1979,1970,G,ROCK,3,611,S,,Afternoon,Y,1970
Barry Manilow,Mandy,1974,1970,M,POP,2,387,S,,Evening,Y,1970
Eric Clapton,Wonderful Tonight,1977,1970,M,ROCK,4,481,S,,Morning,Y,1970
T. Rex,20th Century Boy,1973,1970,G,ROCK,3,677,S,,Afternoon,Y,1970
Odyssey,Native New Yorker,1977,1970,G,SOUL,2,585,S,,Evening,Y,1970
Who The,Baba O'Riley,1971,1970,G,ROCK,3,693,S,,Afternoon,Y,1970
Rolling Stones The,Brown Sugar,1971,1970,G,ROCK,2,636,S,,Night,Y,1970
Three Dog Night,Joy to the World,1970,1970,G,ROCK,3,686,S,,Afternoon,Y,1970
Boomtown Rats,I Don't Like Mondays,1979,1970,G,ROCK,3,714,S,,Afternoon,Y,1970
Peter Gabriel,Solsbury Hill,1977,1970,M,ROCK,2,607,S,,Evening,Y,1970
Pink Floyd,Wish You Were Here,1975,1970,G,ROCK,3,610,S,,Afternoon,Y,1970
Fleetwood Mac,Landslide,1975,1970,G,ROCK,3,488,S,,Afternoon,Y,1970
XTC,Making Plans for Nigel,1979,1970,G,ROCK,3,701,S,,Afternoon,Y,1970
Electric Light Orchestra,Livin' Thing,1976,1970,G,ROCK,3,468,S,,Afternoon,Y,1970
David Cassidy,How Can I Be Sure,1972,1970,M,POP,3,728,S,,Afternoon,Y,1970
Gary Numan,Cars,1979,1970,M,POP,3,494,S,,Afternoon,Y,1970
David Soul,Silver Lady,1977,1970,M,POP,2,730,S,,Night,Y,1970
Bill Withers,Lovely Day,1977,1970,M,SOUL,2,405,S,,Night,Y,1970
Gloria Gaynor,Never Can Say Goodbye,1974,1970,F,DISCO,3,739,S,,Afternoon,Y,1970
Carpenters,Yesterday Once More,1973,1970,G,POP,2,426,S,,Evening,Y,1970
David Essex,Gonna Make You a Star,1974,1970,M,POP,3,446,S,,Afternoon,Y,1970
Paul Simon,Me and Julio Down by the Schoolyard,1972,1970,M,ROCK,4,603,S,,Morning,Y,1970
Lene Lovich,Lucky Number,1979,1970,F,POP,3,547,S,,Afternoon,Y,1970
Joe Cocker,You Are So Beautiful,1974,1970,M,ROCK,2,520,S,,Evening,Y,1970
ABBA,Voulez-Vous,1979,1970,G,POP,5,373,S,,Morning,Y,1970
Bee Gees,Jive Talkin',1975,1970,G,POP,3,396,S,,Afternoon,Y,1970
Barry Manilow,Can't Smile Without You,1978,1970,M,POP,4,389,S,,Afternoon,Y,1970
Kansas,Carry on Wayward Son,1976,1970,G,ROCK,4,531,S,,Morning,Y,1970
Grease Cast,You're the One That I Want,1978,1970,G,POP,3,503,S,,Afternoon,Y,1970
Chic,Le Freak,1978,1970,G,DISCO,2,725,S,,Night,Y,1970
Showaddywaddy,Under the Moon of Love,1976,1970,G,POP,4,641,S,,Morning,Y,1970
Neil Sedaka,Laughter in the Rain,1974,1970,M,POP,4,582,S,,Morning,Y,1970
Donny Osmond,Puppy Love,1972,1970,M,POP,4,456,S,,Afternoon,Y,1970
Blondie,One Way or Another,1978,1970,G,POP,4,412,S,,Afternoon,Y,1970
Paul McCartney,Let 'Em In,1976,1970,M,ROCK,3,601,S,,Afternoon,Y,1970
Partridge Family,I Think I Love You,1970,1970,G,POP,2,754,S,,Evening,Y,1970
Sweet The,Love Is Like Oxygen,1978,1970,G,ROCK,3,675,S,,Afternoon,Y,1970
Kenny Rogers,Lucille,1977,1970,M,COUNTRY,4,539,S,,Afternoon,Y,1970
Bette Midler,The Rose,1979,1970,F,POP,3,402,S,,Afternoon,Y,1970
Terry Jacks,Seasons in the Sun,1974,1970,M,POP,2,681,S,,Night,Y,1970
Meat Loaf,Two Out of Three Ain't Bad,1977,1970,M,ROCK,4,567,S,,Afternoon,Y,1970
Simon & Garfunkel,Cecilia,1970,1970,G,POP,2,643,S,,Evening,Y,1970
Police The,Walking on the Moon,1979,1970,G,ROCK,3,615,S,,Afternoon,Y,1970
10cc,Rubber Bullets,1973,1970,G,POP,4,702,S,,Afternoon,Y,1970
ABBA,Take a Chance on Me,1977,1970,G,POP,5,365,S,,Morning,Y,1970
Queen,Bohemian Rhapsody,1975,1970,G,ROCK,5,617,S,,Afternoon,Y,1970
David Soul,Don't Give Up on Us,1976,1970,M,POP,2,729,S,,Night,Y,1970
Eagles,Take It Easy,1972,1970,G,ROCK,2,461,S,,Evening,Y,1970
Olivia Newton-John,I Honestly Love You,1974,1970,F,POP,3,587,S,,Afternoon,Y,1970
Boney M.,Ma Baker,1977,1970,G,DISCO,3,712,S,,Afternoon,Y,1970
Minnie Riperton,Lovin' You,1974,1970,F,SOUL,3,574,S,,Afternoon,Y,1970
Kansas,Dust in the Wind,1977,1970,G,ROCK,2,532,S,,Evening,Y,1970
Eagles,Hotel California,1976,1970,G,ROCK,2,459,S,,Night,Y,1970
Status Quo,Rockin' All Over the World,1977,1970,G,ROCK,3,653,S,,Afternoon,Y,1970
Mud,Tiger Feet,1974,1970,G,POP,2,576,S,,Night,Y,1970
Pet Shop Boys,What Have I Done to Deserve This?,1987,1980,G,POP,4,940,S,,Morning,Y,1980
Tracy Chapman,Baby Can I Hold You,1988,1980,F,POP,3,806,S,,Afternoon,Y,1980
Sister Sledge,Frankie,1985,1980,G,SOUL,2,788,S,,Evening,Y,1980
Prince,Raspberry Beret,1985,1980,M,POP,2,1089,S,,Evening,Y,1980
Peter Gabriel,Sledgehammer,1986,1980,M,ROCK,2,830,S,,Evening,Y,1980
Stevie Wonder,Lately,1980,1980,M,SOUL,4,1064,S,,Afternoon,Y,1980
Robin Beck,First Time,1988,1980,F,ROCK,2,849,S,,Night,Y,1980
James,Sit Down,1989,1980,G,ROCK,4,892,S,,Morning,Y,1980
Michael Jackson,Beat It,1982,1980,M,POP,4,1053,S,,Morning,Y,1980
Steve Miller Band,Abracadabra,1982,1980,G,ROCK,4,899,S,,Morning,Y,1980
Level 42,Something About You,1985,1980,G,POP,4,1007,S,,Afternoon,Y,1980
Pointer Sisters,Automatic,1983,1980,G,SOUL,4,812,S,,Afternoon,Y,1980
Whitesnake,Here I Go Again,1987,1980,G,ROCK,2,1047,S,,Evening,Y,1980
Heaven 17,Temptation,1983,1980,G,POP,3,828,S,,Afternoon,Y,1980
Reo Speedwagon,Can't Fight This Feeling,1984,1980,G,ROCK,2,1062,S,,Night,Y,1980
Madonna,Crazy for You,1985,1980,F,POP,3,1070,S,,Afternoon,Y,1980
Jennifer Rush,The Power of Love,1984,1980,F,POP,3,773,S,,Afternoon,Y,1980
John Parr,St. Elmo's Fire (Man in Motion),1985,1980,M,ROCK,2,1005,S,,Evening,Y,1980
Whitney Houston,One Moment in Time,1988,1980,F,POP,4,1110,S,,Morning,Y,1980
Pet Shop Boys,Left to My Own Devices,1988,1980,G,POP,2,874,S,,Evening,Y,1980
Eddy Grant,Electric Avenue,1982,1980,M,REGGAE,4,782,S,,Afternoon,Y,1980
Bryan Adams,Run to You,1984,1980,M,ROCK,2,954,S,,Night,Y,1980
Cyndi Lauper,Girls Just Want to Have Fun,1983,1980,F,POP,4,845,S,,Morning,Y,1980
Sharon Redd,Can You Handle It,1980,1980,F,SOUL,3,1011,S,,Afternoon,Y,1980
Roy Orbison,You Got It,1989,1980,M,POP,4,1034,S,,Afternoon,Y,1980
Simple Minds,Alive and Kicking,1985,1980,G,ROCK,4,910,S,,Afternoon,Y,1980
Queen,I Want to Break Free,1984,1980,G,ROCK,5,1096,S,,Afternoon,Y,1980
Blondie,Call Me,1980,1980,G,POP,3,945,S,,Afternoon,Y,1980
Maxi Priest,Wild World,1988,1980,M,REGGAE,4,925,S,,Morning,Y,1980
Pet Shop Boys,Always on My Mind,1987,1980,G,POP,3,1144,S,,Afternoon,Y,1980
Debbie Harry,French Kissin' in the USA,1986,1980,F,POP,4,798,S,,Afternoon,Y,1980
Steve Winwood,Higher Love,1986,1980,M,POP,2,881,S,,Night,Y,1980
Paul Young,Love of the Common People,1983,1980,M,POP,3,815,S,,Afternoon,Y,1980
Michael Jackson,Thriller,1982,1980,M,POP,3,1135,S,,Afternoon,Y,1980
Ashford & Simpson,Solid,1984,1980,G,SOUL,3,930,S,,Afternoon,Y,1980
Whitney Houston,Greatest Love of All,1985,1980,F,POP,4,887,S,,Morning,Y,1980
Trio,Da Da Da,1982,1980,G,POP,4,836,S,,Afternoon,Y,1980
Modern Talking,You're My Heart You're My Soul,1984,1980,G,POP,2,795,S,,Evening,Y,1980
Suzanne Vega,Luka,1987,1980,F,POP,4,926,S,,Morning,Y,1980
Survivor,Eye of the Tiger,1982,1980,G,ROCK,4,950,S,,Afternoon,Y,1980
Traveling Wilburys,Handle with Care,1988,1980,G,ROCK,2,1023,S,,Night,Y,1980
Tracy Chapman,Fast Car,1988,1980,F,POP,4,1039,S,,Afternoon,Y,1980
Culture Club,Karma Chameleon,1983,1980,G,POP,4,803,S,,Afternoon,Y,1980
David Bowie,Ashes to Ashes,1980,1980,M,ROCK,2,993,S,,Night,Y,1980
Cindy Lauper,Time After Time,1983,1980,F,POP,4,882,S,,Afternoon,Y,1980
Dexys Midnight Runners,Come On Eileen,1982,1980,G,POP,2,897,S,,Evening,Y,1980
Aretha Franklin,I Knew You Were Waiting (For Me),1987,1980,F,SOUL,4,863,S,,Afternoon,Y,1980
Soft Cell,"Say Hello, Wave Goodbye",1981,1980,G,POP,4,829,S,,Morning,Y,1980
Madonna,Holiday,1983,1980,F,POP,2,778,S,,Night,Y,1980
Yazoo,Only You,1982,1980,G,POP,4,818,S,,Afternoon,Y,1980
Nik Kershaw,Wouldn't It Be Good,1984,1980,M,POP,2,1012,S,,Night,Y,1980
Mel & Kim,Respectable,1987,1980,G,POP,3,918,S,,Afternoon,Y,1980
Aaron Neville,Don't Know Much,1989,1980,M,POP,4,1060,S,,Afternoon,Y,1980
Kylie Minogue,The Loco-Motion,1988,1980,F,POP,2,992,S,,Evening,Y,1980
Bucks Fizz,The Land of Make Believe,1981,1980,G,POP,4,981,S,,Morning,Y,1980
Chris Rea,On the Beach,1986,1980,M,ROCK,3,1118,S,,Afternoon,Y,1980
Huey Lewis and the News,The Power of Love,1985,1980,G,ROCK,4,866,S,,Morning,Y,1980
Ultravox,Vienna,1981,1980,G,POP,3,776,S,,Afternoon,Y,1980
Elton John,I'm Still Standing,1983,1980,M,POP,2,965,S,,Night,Y,1980
A-ha,Take on Me,1984,1980,G,POP,3,850,S,,Afternoon,Y,1980
Bananarama,Robert De Niro's Waiting...,1984,1980,G,POP,2,905,S,,Night,Y,1980
U2,Sunday Bloody Sunday,1983,1980,G,ROCK,2,1067,S,,Night,Y,1980
Alison Moyet,Is This Love?,1986,1980,F,POP,3,851,S,,Afternoon,Y,1980
Culture Club,Do You Really Want to Hurt Me,1982,1980,G,POP,4,819,S,,Morning,Y,1980
Dusty Springfield,What Have I Done to Deserve This?,1987,1980,F,POP,4,1109,S,,Afternoon,Y,1980
Kenny Loggins,Danger Zone,1986,1980,M,ROCK,2,846,S,,Evening,Y,1980
Paul McCartney,Coming Up,1980,1980,M,ROCK,2,1020,S,,Evening,Y,1980
Madness,House of Fun,1982,1980,G,POP,2,928,S,,Evening,Y,1980
Ray Parker Jr.,Ghostbusters,1984,1980,M,POP,3,982,S,,Afternoon,Y,1980
Peter Gabriel,In Your Eyes,1986,1980,M,ROCK,4,855,S,,Afternoon,Y,1980
Blondie,The Tide Is High,1980,1980,G,POP,3,867,S,,Afternoon,Y,1980
Falco,Rock Me Amadeus,1985,1980,M,POP,4,969,S,,Morning,Y,1980
Van Halen,Jump,1983,1980,G,ROCK,4,1123,S,,Morning,Y,1980
Kenny Loggins,Footloose,1984,1980,M,POP,3,1085,S,,Afternoon,Y,1980
Kim Wilde,You Keep Me Hangin' On,1986,1980,F,POP,2,1122,S,,Night,Y,1980
Billy Joel,Tell Her About It,1983,1980,M,POP,3,966,S,,Afternoon,Y,1980
Daryl Hall & John Oates,Maneater,1982,1980,G,POP,2,848,S,,Evening,Y,1980
Soul II Soul,Back to Life (However Do You Want Me),1989,1980,G,SOUL,2,857,S,,Night,Y,1980
Thompson Twins,You Take Me Up,1984,1980,G,POP,4,1136,S,,Afternoon,Y,1980
A-ha,Hunting High and Low,1985,1980,G,POP,4,789,S,,Afternoon,Y,1980
Irene Cara,Fame,1980,1980,F,POP,2,839,S,,Night,Y,1980
Stevie Wonder,Master Blaster (Jammin'),1980,1980,M,SOUL,4,1057,S,,Morning,Y,1980
Jive Bunny,Swing the Mood,1989,1980,G,POP,4,780,S,,Afternoon,Y,1980
Rolling Stones The,Start Me Up,1981,1980,G,ROCK,2,886,S,,Evening,Y,1980
Laura Branigan,Self Control,1984,1980,F,POP,2,889,S,,Evening,Y,1980
Madonna,Papa Don't Preach,1986,1980,F,POP,2,1104,S,,Night,Y,1980
Level 42,Lessons in Love,1986,1980,G,POP,3,1098,S,,Afternoon,Y,1980
Wham!,The Edge of Heaven,1986,1980,G,POP,3,1048,S,,Afternoon,Y,1980
Guns N' Roses,Paradise City,1987,1980,G,ROCK,4,975,S,,Afternoon,Y,1980
Status Quo,In the Army Now,1986,1980,G,ROCK,2,883,S,,Evening,Y,1980
Terence Trent D'Arby,Sign Your Name,1987,1980,M,SOUL,3,1050,S,,Afternoon,Y,1980
Boris Gardiner,I Want to Wake Up with You,1986,1980,M,REGGAE,4,833,S,,Afternoon,Y,1980
Whitney Houston,I Wanna Dance with Somebody (Who Loves Me),1987,1980,F,POP,4,931,S,,Morning,Y,1980
Huey Lewis & The News,Hip to Be Square,1986,1980,G,ROCK,2,1038,S,,Night,Y,1980
Hall & Oates,You Make My Dreams (Come True),1980,1980,G,POP,4,996,S,,Morning,Y,1980
Randy Crawford,You Might Need Somebody,1981,1980,F,SOUL,2,1015,S,,Evening,Y,1980
Womack & Womack,Teardrops,1988,1980,G,SOUL,2,914,S,,Evening,Y,1980
Julio Iglesias,Begin the Beguine (Volver a Empezar),1981,1980,M,POP,3,790,S,,Afternoon,Y,1980
Jefferson Starship,Nothing's Gonna Stop Us Now,1987,1980,G,ROCK,3,967,S,,Afternoon,Y,1980
Dolly Parton,Islands in the Stream,1983,1980,F,COUNTRY,4,797,S,,Morning,Y,1980
Laura Branigan,Gloria,1982,1980,F,POP,4,976,S,,Afternoon,Y,1980
Meat Loaf,Dead Ringer for Love,1981,1980,M,ROCK,4,1100,S,,Morning,Y,1980
Katrina and the Waves,Walking on Sunshine,1985,1980,G,POP,4,1139,S,,Morning,Y,1980
Dexys Midnight Runners,Geno,1980,1980,G,POP,2,991,S,,Night,Y,1980
Beastie Boys,(You Gotta) Fight for Your Right (To Party!),1986,1980,G,RAP,3,913,S,,Afternoon,Y,1980
Prince,Kiss,1986,1980,M,POP,3,1080,S,,Afternoon,Y,1980
Depeche Mode,Just Can't Get Enough,1981,1980,G,POP,3,1120,S,,Afternoon,Y,1980
Lionel Richie,Say You Say Me,1985,1980,M,SOUL,4,1143,S,,Morning,Y,1980
Police The,Don't Stand So Close to Me,1980,1980,G,ROCK,2,1078,S,,Night,Y,1980
Stone Roses The,Fools Gold,1989,1980,G,ROCK,3,1017,S,,Afternoon,Y,1980
Ultravox,Dancing with Tears in My Eyes,1984,1980,G,POP,4,1045,S,,Afternoon,Y,1980
Lionel Richie,Hello,1983,1980,M,SOUL,4,946,S,,Morning,Y,1980
Joan Jett & The Blackhearts,I Love Rock 'n Roll,1981,1980,G,ROCK,2,1124,S,,Night,Y,1980
George Harrison,Got My Mind Set on You,1987,1980,M,ROCK,3,792,S,,Afternoon,Y,1980
Gloria Estefan,Anything for You,1988,1980,F,POP,2,1097,S,,Night,Y,1980
Michael Sembello,Maniac,1983,1980,M,POP,3,852,S,,Afternoon,Y,1980
Odyssey,Use It Up and Wear It Out,1980,1980,G,DISCO,3,941,S,,Afternoon,Y,1980
Tina Turner,Steamy Windows,1989,1980,F,POP,4,791,S,,Afternoon,Y,1980
Sonia,You'll Never Stop Me Loving You,1989,1980,F,POP,4,1106,S,,Morning,Y,1980
Queen,A Kind of Magic,1986,1980,G,ROCK,5,877,S,,Morning,Y,1980
Kenny Rogers,Lady,1980,1980,M,COUNTRY,3,1059,S,,Afternoon,Y,1980
Wham!,Freedom,1984,1980,G,POP,3,891,S,,Afternoon,Y,1980
Dire Straits,Walk of Life,1985,1980,G,ROCK,4,936,S,,Afternoon,Y,1980
Bruce Springsteen,Born in the U.S.A.,1984,1980,M,ROCK,2,804,S,,Evening,Y,1980
Visage,Fade to Grey,1980,1980,G,POP,2,809,S,,Evening,Y,1980
Phil Collins,Two Hearts,1988,1980,M,ROCK,4,938,S,,Morning,Y,1980
Dionne Warwick,Heartbreaker,1982,1980,F,POP,4,997,S,,Morning,Y,1980
Berlin,Take My Breath Away,1986,1980,G,POP,4,1000,S,,Afternoon,Y,1980
Hall & Oates,Maneater,1982,1980,G,POP,2,1044,S,,Night,Y,1980
Phil Collins,Against All Odds (Take a Look at Me Now),1984,1980,M,ROCK,3,912,S,,Afternoon,Y,1980
George Michael,I Knew You Were Waiting (For Me),1987,1980,M,POP,4,948,S,,Afternoon,Y,1980
Kylie Minogue,Got to Be Certain,1988,1980,F,POP,2,949,S,,Night,Y,1980
Simply Red,If You Don't Know Me by Now,1989,1980,G,SOUL,3,832,S,,Afternoon,Y,1980
Prince,When Doves Cry,1984,1980,M,POP,2,884,S,,Night,Y,1980
Human League,Don't You Want Me,1981,1980,G,POP,2,1131,S,,Evening,Y,1980
Yazz,The Only Way Is Up,1988,1980,F,DANCE,2,779,S,,Night,Y,1980
Rockwell,Somebody's Watching Me,1984,1980,M,POP,4,1041,S,,Afternoon,Y,1980
Phyllis Nelson,Move Closer,1984,1980,F,SOUL,3,1031,S,,Afternoon,Y,1980
Alison Moyet,All Cried Out,1984,1980,F,POP,2,783,S,,Evening,Y,1980
Midge Ure,If I Was,1985,1980,M,POP,2,968,S,,Evening,Y,1980
Kim Carnes,Bette Davis Eyes,1981,1980,F,ROCK,4,876,S,,Morning,Y,1980
Fairground Attraction,Perfect,1988,1980,G,POP,2,854,S,,Night,Y,1980
Culture Club,Victims,1983,1980,G,POP,3,956,S,,Afternoon,Y,1980
Police The,Every Breath You Take,1983,1980,G,ROCK,3,1075,S,,Afternoon,Y,1980
Earth Wind & Fire,Let's Groove,1981,1980,G,SOUL,2,1004,S,,Night,Y,1980
Soft Cell,Tainted Love,1981,1980,G,POP,2,1083,S,,Night,Y,1980
Shakin' Stevens,Merry Christmas Everyone,1985,1980,M,POP,4,921,S,,Morning,Y,1980
Leo Sayer,More Than I Can Say,1980,1980,M,POP,2,1028,S,,Evening,Y,1980
Kelly Marie,Feels Like I'm in Love,1980,1980,F,DISCO,3,1010,S,,Afternoon,Y,1980
Frankie Goes to Hollywood,Relax,1983,1980,G,POP,2,920,S,,Night,Y,1980
Swing Out Sister,Breakout,1986,1980,G,POP,2,1091,S,,Evening,Y,1980
Billy Joel,We Didn't Start the Fire,1989,1980,M,POP,2,865,S,,Night,Y,1980
Chicago,Hard to Say I'm Sorry,1982,1980,G,ROCK,4,842,S,,Morning,Y,1980
Phil Collins,In the Air Tonight,1981,1980,M,ROCK,2,1026,S,,Night,Y,1980
Queen,Radio Ga Ga,1984,1980,G,ROCK,5,869,S,,Afternoon,Y,1980
Reo Speedwagon,Keep on Loving You,1980,1980,G,ROCK,4,916,S,,Morning,Y,1980
Don Henley,The Boys of Summer,1984,1980,M,ROCK,3,1055,S,,Afternoon,Y,1980
Simply Red,Money's Too Tight (To Mention),1985,1980,G,SOUL,3,870,S,,Afternoon,Y,1980
Bill Withers,Just the Two of Us,1980,1980,M,SOUL,3,1129,S,,Afternoon,Y,1980
OMD,Enola Gay,1980,1980,G,POP,4,841,S,,Morning,Y,1980
Wham!,Wake Me Up Before You Go-Go,1984,1980,G,POP,2,796,S,,Evening,Y,1980
Suzanne Vega,Tom's Diner,1987,1980,F,POP,2,810,S,,Evening,Y,1980
Madonna,La Isla Bonita,1986,1980,F,POP,4,917,S,,Afternoon,Y,1980
Heart,These Dreams,1985,1980,G,ROCK,3,895,S,,Afternoon,Y,1980
Human League,Mirror Man,1982,1980,G,POP,3,840,S,,Afternoon,Y,1980
Fleetwood Mac,Everywhere,1987,1980,G,ROCK,2,1102,S,,Evening,Y,1980
Billy Idol,Rebel Yell,1983,1980,M,ROCK,2,1126,S,,Evening,Y,1980
Madness,Driving in My Car,1982,1980,G,POP,2,1072,S,,Evening,Y,1980
Texas,I Don't Want a Lover,1989,1980,G,POP,3,1112,S,,Afternoon,Y,1980
Huey Lewis & The News,The Power of Love,1985,1980,G,ROCK,3,898,S,,Afternoon,Y,1980
S'Express,Theme from S-Express,1988,1980,G,DANCE,2,919,S,,Night,Y,1980
Bananarama,I Heard a Rumour,1987,1980,G,POP,3,984,S,,Afternoon,Y,1980
Phil Collins,Easy Lover,1984,1980,M,ROCK,2,859,S,,Evening,Y,1980
Smokey Robinson,Being with You,1981,1980,M,SOUL,4,1087,S,,Morning,Y,1980
Enya,Orinoco Flow,1988,1980,F,POP,4,955,S,,Morning,Y,1980
New Order,True Faith,1987,1980,G,POP,2,1099,S,,Night,Y,1980
Queen,Under Pressure,1981,1980,G,ROCK,5,1065,S,,Afternoon,Y,1980
Kate Bush,Don't Give Up,1986,1980,F,POP,3,1054,S,,Afternoon,Y,1980
Lionel Richie,Truly,1982,1980,M,SOUL,3,953,S,,Afternoon,Y,1980
Harry Connick Jr.,It Had to Be You,1989,1980,M,JAZZ,2,1093,S,,Evening,Y,1980
Police,De Do Do Do De Da Da Da,1980,1980,G,ROCK,3,1142,S,,Afternoon,Y,1980
Paul McCartney,No More Lonely Nights,1984,1980,M,ROCK,2,1035,S,,Night,Y,1980
Pet Shop Boys,It's a Sin,1987,1980,G,POP,2,902,S,,Evening,Y,1980
Alison Moyet,Love Resurrection,1984,1980,F,POP,3,811,S,,Afternoon,Y,1980
Duran Duran,The Reflex,1983,1980,G,POP,2,784,S,,Night,Y,1980
Tears for Fears,Everybody Wants to Rule the World,1985,1980,G,POP,2,1019,S,,Evening,Y,1980
Belinda Carlisle,Leave a Light On,1989,1980,F,POP,3,958,S,,Afternoon,Y,1980
Paul Young,Everytime You Go Away,1985,1980,M,POP,3,971,S,,Afternoon,Y,1980
Kate Bush,Running Up That Hill (A Deal with God),1985,1980,F,POP,3,885,S,,Afternoon,Y,1980
Mike Oldfield,Moonlight Shadow,1983,1980,M,ROCK,4,952,S,,Afternoon,Y,1980
Weather Girls The,It's Raining Men,1982,1980,G,POP,2,1018,S,,Evening,Y,1980
John Lennon,Woman,1980,1980,M,POP,4,1006,S,,Afternoon,Y,1980
Sade,Your Love Is King,1984,1980,F,SOUL,2,890,S,,Night,Y,1980
Pet Shop Boys,Rent,1987,1980,G,POP,2,1119,S,,Night,Y,1980
Dire Straits,Romeo and Juliet,1980,1980,G,ROCK,4,1133,S,,Afternoon,Y,1980
Simple Minds,Don't You (Forget About Me),1985,1980,G,ROCK,3,1137,S,,Afternoon,Y,1980
Barbara Dickson,I Know Him So Well,1984,1980,F,POP,2,1111,S,,Night,Y,1980
Juice Newton,Angel of the Morning,1981,1980,F,COUNTRY,2,937,S,,Evening,Y,1980
Irene Cara,Flashdance... What a Feeling,1983,1980,F,POP,3,998,S,,Afternoon,Y,1980
Nik Kershaw,The Riddle,1984,1980,M,POP,3,909,S,,Afternoon,Y,1980
Vera Lynn,We'll Meet Again,1939,1950,F,POP,2,1,S,,Evening,Y,Pre-50s
Vera Lynn,The White Cliffs of Dover,1942,1950,F,POP,4,2,S,,Morning,Y,Pre-50s
Wembley Stadium Crowd,Abide With Me,1927,1950,G,POP,4,3,S,,Morning,Y,Pre-50s
Woody Guthrie,This Land Is Your Land,1944,1950,M,FOLK,2,4,S,,Evening,Y,Pre-50s
Al Jolson,The Anniversary Song,1952,1950,M,POP,2,5,S,,Evening,N,1950
Al Martino,Here in My Heart,1952,1950,M,POP,4,6,S,,Morning,Y,1950
Billie Holiday,Blue Moon,1952,1950,F,JAZZ,4,7,S,,Morning,Y,1950
Bing Crosby,True Love,1956,1950,M,POP,4,8,S,,Morning,Y,1950
Grace Kelly,True Love,1956,1950,F,POP,2,9,S,,Evening,Y,1950
Bing Crosby,White Christmas,1952,1950,M,POP,4,10,S,,Afternoon,Y,1950
Bobby Darin,Mack the Knife,1959,1950,M,POP,4,11,S,,Afternoon,Y,1950
Bobby Darin,Dream Lover,1959,1950,M,POP,2,12,S,,Night,Y,1950
Bobby Darin,Beyond the Sea,1959,1950,M,POP,4,13,S,,Afternoon,Y,1950
Buddy Holly,That'll Be the Day,1957,1950,M,ROCK,3,14,S,,Afternoon,Y,1950
Buddy Holly,Peggy Sue,1957,1950,M,ROCK,4,15,S,,Morning,Y,1950
Buddy Holly,Everyday,1957,1950,M,ROCK,4,16,S,,Morning,Y,1950
Chuck Berry,Johnny B. Goode,1958,1950,M,ROCK,3,17,S,,Afternoon,Y,1950
Cliff Richard,Living Doll,1959,1950,M,POP,2,18,S,,Evening,Y,1950
Connie Francis,Who's Sorry Now?,1958,1950,F,POP,2,19,S,,Evening,Y,1950
Connie Francis,Stupid Cupid,1958,1950,F,POP,3,20,S,,Afternoon,Y,1950
Dean Martin,That's Amore,1953,1950,M,POP,2,21,S,,Night,Y,1950
Dean Martin,Memories Are Made of This,1955,1950,M,POP,2,22,S,,Night,Y,1950
Dean Martin,Volare,1958,1950,M,POP,3,23,S,,Afternoon,Y,1950
Doris Day,Que Sera Sera (Whatever Will Be Will Be),1956,1950,F,POP,3,24,S,,Afternoon,Y,1950
Doris Day,Secret Love,1953,1950,F,POP,4,25,S,,Afternoon,Y,1950
Eddie Cochran,Summertime Blues,1958,1950,M,ROCK,4,26,S,,Afternoon,Y,1950
Eddie Fisher,Outside of Heaven,1952,1950,M,POP,4,27,S,,Morning,Y,1950
Ella Fitzgerald,Dream a Little Dream of Me,1952,1950,F,JAZZ,2,28,S,,Night,Y,1950
Louis Armstrong,Dream a Little Dream of Me,1952,1950,M,JAZZ,3,29,S,,Afternoon,Y,1950
Ella Fitzgerald,Ev'ry Time We Say Goodbye,1956,1950,F,JAZZ,3,30,S,,Afternoon,Y,1950
Elvis Presley,Heartbreak Hotel,1956,1950,M,ROCK,4,31,S,,Afternoon,Y,1950
Elvis Presley,Hound Dog,1956,1950,M,ROCK,5,32,S,,Morning,Y,1950
Elvis Presley,Love Me Tender,1956,1950,M,POP,4,33,S,,Morning,Y,1950
Elvis Presley,Jailhouse Rock,1957,1950,M,ROCK,4,34,S,,Afternoon,Y,1950
Emile Ford & The Checkmates,What Do You Want to Make Those Eyes at Me For?,1959,1950,M,POP,3,35,S,,Afternoon,Y,1950
Fats Domino,Ain't That a Shame,1955,1950,M,ROCK,2,36,S,,Evening,Y,1950
Fats Domino,Blueberry Hill,1956,1950,M,ROCK,2,37,S,,Night,Y,1950
Frank Sinatra,Come Fly with Me,1958,1950,M,POP,2,38,S,,Night,Y,1950
Frank Sinatra,I've Got You Under My Skin,1956,1950,M,POP,2,39,S,,Night,Y,1950
Frankie Lymon & The Teenagers,Why Do Fools Fall in Love,1956,1950,G,POP,3,40,S,,Afternoon,Y,1950
Gary Miller,The Yellow Rose of Texas,1955,1950,M,POP,2,41,S,,Evening,Y,1950
Gene Kelly,Singin' in the Rain,1952,1950,M,POP,4,42,S,,Morning,Y,1950
Guy Mitchell,She Wears Red Feathers,1952,1950,M,POP,3,43,S,,Afternoon,Y,1950
Guy Mitchell,Singing the Blues,1956,1950,M,POP,2,44,S,,Evening,Y,1950
Harry Belafonte,Mary's Boy Child,1956,1950,M,POP,2,45,S,,Night,Y,1950
Harry Belafonte,Banana Boat Song (Day-O),1956,1950,M,POP,4,46,S,,Morning,Y,1950
Hoagy Carmichael,My Resistance Is Low,1952,1950,M,JAZZ,4,47,S,,Morning,Y,1950
Jackie Wilson,Reet Petite,1957,1950,M,SOUL,4,48,S,,Morning,Y,1950
Jerry Lee Lewis,Great Balls of Fire,1957,1950,M,ROCK,4,49,S,,Morning,Y,1950
Jerry Lee Lewis,Whole Lotta Shakin' Goin' On,1957,1950,M,ROCK,4,50,S,,Morning,Y,1950
Jim Reeves,He'll Have to Go,1959,1950,M,COUNTRY,1,51,S,,Evening,Y,1950
Jimmy Young,Unchained Melody,1955,1950,M,POP,3,52,S,,Afternoon,Y,1950
Jimmy Young,The Man from Laramie,1955,1950,M,POP,2,53,S,,Evening,Y,1950
Johnny Cash,I Walk the Line,1956,1950,M,COUNTRY,4,54,S,,Afternoon,Y,1950
Johnny Mathis,Misty,1959,1950,M,POP,3,55,S,,Afternoon,Y,1950
Johnny Mathis,A Certain Smile,1958,1950,M,POP,2,56,S,,Night,Y,1950
Johnny Preston,Running Bear,1959,1950,M,POP,2,57,S,,Evening,Y,1950
Judy Garland,Over the Rainbow,1952,1950,F,POP,4,58,S,,Afternoon,Y,1950
Julie London,Cry Me a River,1955,1950,F,JAZZ,2,59,S,,Evening,Y,1950
Little Richard,Tutti Frutti,1955,1950,M,ROCK,4,60,S,,Afternoon,Y,1950
Little Richard,Good Golly Miss Molly,1958,1950,M,ROCK,3,61,S,,Afternoon,Y,1950
Mel Tormé,Blue Moon,1952,1950,M,JAZZ,2,62,S,,Night,Y,1950
Michael Holliday,The Story of My Life,1958,1950,M,POP,3,63,S,,Afternoon,Y,1950
Michael Holliday,Starry Eyed,1959,1950,M,POP,3,64,S,,Afternoon,Y,1950
Mitchell Torok,When Mexico Gave Up The Ghost,1954,1950,M,COUNTRY,4,65,S,,Morning,Y,1950
Nat King Cole,Unforgettable,1952,1950,M,JAZZ,1,66,S,,Evening,Y,1950
Nat King Cole,Smile,1954,1950,M,JAZZ,1,67,S,,Night,Y,1950
Nat King Cole,When I Fall in Love,1956,1950,M,JAZZ,1,68,S,,Night,Y,1950
Nat King Cole,Mona Lisa,1950,1950,M,JAZZ,2,69,S,,Night,Y,1950
Neil Sedaka,Oh! Carol,1959,1950,M,POP,4,70,S,,Afternoon,Y,1950
Nina Simone,My Baby Just Cares for Me,1958,1950,F,JAZZ,2,71,S,,Evening,Y,1950
Pat Boone,Love Letters in the Sand,1957,1950,M,POP,2,72,S,,Evening,Y,1950
Patsy Cline,Walkin' After Midnight,1957,1950,F,COUNTRY,2,73,S,,Night,Y,1950
Patti Page, (How Much Is) That Doggie in the Window,1952,1950,F,POP,4,74,S,,Morning,N,1950
Paul Anka,Diana,1957,1950,M,POP,2,75,S,,Evening,Y,1950
Paul Anka,Put Your Head on My Shoulder,1959,1950,M,POP,3,76,S,,Afternoon,Y,1950
Peggy Lee,Fever,1958,1950,F,JAZZ,3,77,S,,Afternoon,Y,1950
Perry Como,Magic Moments,1957,1950,M,POP,4,78,S,,Morning,Y,1950
Perry Como,Catch a Falling Star,1957,1950,M,POP,3,79,S,,Afternoon,Y,1950
Platters The,Only You (And You Alone),1955,1950,G,POP,2,80,S,,Night,Y,1950
Platters The,The Great Pretender,1955,1950,G,POP,2,81,S,,Evening,Y,1950
Platters The,Smoke Gets in Your Eyes,1958,1950,G,POP,3,82,S,,Afternoon,Y,1950
Ritchie Valens,La Bamba,1958,1950,M,ROCK,4,83,S,,Morning,Y,1950
Rosemary Clooney,Mambo Italiano,1954,1950,F,POP,3,84,S,,Afternoon,Y,1950
Ruby Murray,Softly Softly,1955,1950,F,POP,2,85,S,,Evening,Y,1950
Sam Cooke,You Send Me,1957,1950,M,SOUL,3,86,S,,Afternoon,Y,1950
Vic Damone,On the Street Where You Live,1956,1950,M,POP,2,87,S,,Evening,Y,1950
Wilbert Harrison,Kansas City,1959,1950,M,POP,2,88,S,,Evening,Y,1950
Bill Haley & His Comets,Rock Around the Clock,1954,1950,G,ROCK,4,89,S,,Morning,Y,1950
Brenda Lee,Sweet Nothin's,1959,1950,F,POP,4,90,S,,Afternoon,Y,1950
Chordettes,Mr. Sandman,1954,1950,G,POP,3,91,S,,Afternoon,Y,1950
Dean Martin,Sway,1954,1950,M,JAZZ,4,92,S,,Morning,Y,1950
Dinah Washington,What a Diff'rence a Day Made,1959,1950,F,JAZZ,3,93,S,,Afternoon,Y,1950
Doris Day,Whatever Will Be Will Be (Que Sera Sera),1956,1950,F,POP,2,94,S,,Night,Y,1950
Everly Brothers,All I Have to Do Is Dream,1958,1950,G,POP,2,95,S,,Evening,Y,1950
Everly Brothers,Wake Up Little Susie,1957,1950,G,POP,3,96,S,,Afternoon,Y,1950
McGuire Sisters,Sugartime,1957,1950,G,POP,3,97,S,,Afternoon,Y,1950
Patti Page,How Much Is That Doggie in the Window?,1953,1950,F,POP,4,98,S,,Afternoon,Y,1950
Rod Stewart,Have I Told You Lately,1991,1990,M,ROCK,2,1148,S,,Night,Y,1990
UB40,Can't Help Falling in Love,1993,1990,G,REGGAE,2,1149,S,,Evening,Y,1990
M People,One Night in Heaven,1993,1990,G,POP,4,1150,S,,Afternoon,Y,1990
Adamski,Killer,1990,1990,M,POP,4,1151,S,,Morning,Y,1990
Enya,Anywhere Is,1995,1990,F,POP,2,1152,S,,Evening,Y,1990
Annie Lennox,"No More ""I Love You's""",1995,1990,F,POP,2,1153,S,,Evening,Y,1990
Maria McKee,Show Me Heaven,1990,1990,F,POP,2,1154,S,,Evening,Y,1990
Texas,Black Eyed Boy,1997,1990,G,POP,4,1155,S,,Morning,Y,1990
Eternal,Stay,1993,1990,G,SOUL,2,1156,S,,Night,Y,1990
Celine Dion,The Power of Love,1993,1990,F,POP,3,1157,S,,Afternoon,Y,1990
Alanis Morissette,Thank U,1998,1990,F,ROCK,2,1158,S,,Night,Y,1990
Lenny Kravitz,Fly Away,1998,1990,M,ROCK,3,1159,S,,Afternoon,Y,1990
Deep Blue Something,Breakfast at Tiffany's,1995,1990,G,ROCK,4,1160,S,,Afternoon,Y,1990
Robbie Williams,Angels,1997,1990,M,POP,4,1161,S,,Afternoon,Y,1990
Marc Cohn,Walking in Memphis,1991,1990,M,POP,4,1162,S,,Afternoon,Y,1990
Depeche Mode,Enjoy the Silence,1990,1990,G,POP,3,1163,S,,Afternoon,Y,1990
Boyz II Men,One Sweet Day,1995,1990,G,SOUL,4,1164,S,,Afternoon,Y,1990
Shania Twain,You're Still the One,1997,1990,F,COUNTRY,4,1165,S,,Afternoon,Y,1990
Robson & Jerome,Unchained Melody,1995,1990,G,POP,3,1166,S,,Afternoon,Y,1990
Outhere Brothers,Don't Stop (Wiggle Wiggle),1995,1990,G,DANCE,2,1167,S,,Evening,Y,1990
Omar,There's Nothing Like This,1990,1990,M,SOUL,2,1168,S,,Evening,Y,1990
Faith Hill,Breathe,1999,1990,F,COUNTRY,3,1169,S,,Afternoon,Y,1990
KLF,3am Eternal,1991,1990,G,POP,3,1170,S,,Afternoon,Y,1990
Boyz II Men,I'll Make Love to You,1994,1990,G,SOUL,2,1171,S,,Night,Y,1990
Oasis,Wonderwall,1995,1990,G,ROCK,3,1172,S,,Afternoon,Y,1990
Ricky Martin,Livin' la Vida Loca,1999,1990,M,POP,3,1173,S,,Afternoon,Y,1990
Chesney Hawkes,The One and Only,1991,1990,M,POP,3,1174,S,,Afternoon,Y,1990
Gabrielle,Dreams,1993,1990,F,POP,2,1175,S,,Evening,Y,1990
Verve The,Bitter Sweet Symphony,1997,1990,G,ROCK,3,1176,S,,Afternoon,Y,1990
M People,Moving on Up,1993,1990,G,POP,4,1177,S,,Morning,Y,1990
Youssou N'Dour,7 Seconds,1994,1990,M,POP,3,1178,S,,Afternoon,Y,1990
Robert Miles,Children,1995,1990,M,DANCE,3,1179,S,,Afternoon,Y,1990
Sheryl Crow,If It Makes You Happy,1996,1990,F,ROCK,4,1180,S,,Afternoon,Y,1990
Crowded House,Weather with You,1991,1990,G,ROCK,4,1181,S,,Morning,Y,1990
Backstreet Boys,Larger Than Life,1999,1990,G,POP,2,1182,S,,Evening,Y,1990
R.E.M.,Shiny Happy People,1991,1990,G,ROCK,3,1183,S,,Afternoon,Y,1990
George Michael,Freedom! '90,1990,1990,M,POP,2,1184,S,,Evening,Y,1990
Jamiroquai,Canned Heat,1999,1990,G,POP,2,1185,S,,Evening,Y,1990
Boyz II Men,End of the Road,1992,1990,G,SOUL,4,1186,S,,Afternoon,Y,1990
Elvis Costello,She,1999,1990,M,POP,5,1187,S,,Morning,Y,1990
Janet Jackson,That's the Way Love Goes,1993,1990,F,SOUL,3,1188,S,,Afternoon,Y,1990
George Michael,Jesus to a Child,1996,1990,M,POP,3,1189,S,,Afternoon,Y,1990
Natalie Imbruglia,Torn,1997,1990,F,POP,2,1190,S,,Night,Y,1990
Manic Street Preachers,A Design for Life,1996,1990,G,ROCK,3,1191,S,,Afternoon,Y,1990
Annie Lennox,Why,1992,1990,F,POP,4,1192,S,,Morning,Y,1990
Boyzone,Words,1996,1990,G,POP,2,1193,S,,Night,Y,1990
Rednex,Cotton Eye Joe,1994,1990,G,DANCE,4,1194,S,,Afternoon,Y,1990
George Michael,Fastlove,1996,1990,M,POP,4,1195,S,,Afternoon,Y,1990
Tasmin Archer,Sleeping Satellite,1992,1990,F,POP,4,1196,S,,Afternoon,Y,1990
Verve The,The Drugs Don't Work,1997,1990,G,ROCK,2,1197,S,,Evening,Y,1990
Take That,Never Forget,1995,1990,G,POP,2,1198,S,,Night,Y,1990
Christina Aguilera,What a Girl Wants,1999,1990,F,POP,4,1199,S,,Morning,Y,1990
Eternal,I Wanna Be the Only One,1997,1990,G,SOUL,3,1200,S,,Afternoon,Y,1990
Guns N' Roses,November Rain,1991,1990,G,ROCK,3,1201,S,,Afternoon,Y,1990
Westlife,Swear It Again,1999,1990,G,POP,4,1202,S,,Morning,Y,1990
Smash Mouth,All Star,1999,1990,G,ROCK,2,1203,S,,Night,Y,1990
Beats International,Dub Be Good to Me,1990,1990,G,DANCE,4,1204,S,,Afternoon,Y,1990
Lighthouse Family,Lifted,1995,1990,G,POP,2,1205,S,,Evening,Y,1990
Vic Reeves & The Wonder Stuff,Dizzy,1991,1990,G,POP,2,1206,S,,Evening,N,1990
Shania Twain,Man! I Feel Like a Woman!,1997,1990,F,COUNTRY,3,1207,S,,Afternoon,Y,1990
Santana,Maria Maria (Solo Edit),1999,1990,M,ROCK,2,1208,S,,Evening,Y,1990
Michael Jackson,Black or White,1991,1990,M,POP,4,1209,S,,Morning,Y,1990
Sinead O'Connor,Nothing Compares 2 U,1990,1990,F,POP,2,1210,S,,Evening,Y,1990
Shanice,I Love Your Smile,1991,1990,F,SOUL,4,1211,S,,Morning,Y,1990
Genesis,I Can't Dance,1991,1990,G,ROCK,4,1212,S,,Morning,Y,1990
Robbie Williams,Let Me Entertain You,1998,1990,M,POP,3,1213,S,,Afternoon,Y,1990
Enrique Iglesias,Bailamos,1999,1990,M,POP,4,1214,S,,Morning,Y,1990
Jeff Buckley,Hallelujah,1994,1990,M,ROCK,4,1215,S,,Afternoon,Y,1990
All Saints,Never Ever,1997,1990,G,POP,3,1216,S,,Afternoon,Y,1990
Robbie Williams,Millennium,1998,1990,M,POP,4,1217,S,,Afternoon,Y,1990
Bryan Adams,(Everything I Do) I Do It for You,1991,1990,M,ROCK,3,1218,S,,Afternoon,Y,1990
Bon Jovi,Always,1994,1990,G,ROCK,4,1219,S,,Afternoon,Y,1990
Corner Shop,Brimful of Asha,1997,1990,G,POP,4,1220,S,,Morning,Y,1990
Elton John,Circle of Life,1994,1990,M,POP,4,1221,S,,Afternoon,Y,1990
Whitney Houston,Run to You,1992,1990,F,POP,4,1222,S,,Afternoon,Y,1990
Madonna,Frozen,1998,1990,F,POP,2,1223,S,,Night,Y,1990
Shakespears Sister,Stay,1992,1990,G,POP,4,1224,S,,Afternoon,Y,1990
Rembrandts,I'll Be There for You,1995,1990,G,POP,4,1225,S,,Morning,Y,1990
Sheryl Crow,All I Wanna Do,1993,1990,F,ROCK,3,1226,S,,Afternoon,Y,1990
Peter Andre,Mysterious Girl (Solo Edit),1995,1990,M,POP,4,1227,S,,Morning,Y,1990
Pulp,Disco 2000,1995,1990,G,ROCK,4,1228,S,,Afternoon,Y,1990
Wilson Phillips,Hold On,1990,1990,G,POP,4,1229,S,,Morning,Y,1990
Honeyz,Finally Found,1998,1990,G,SOUL,3,1230,S,,Afternoon,Y,1990
Eva Cassidy,Over the Rainbow,1992,1990,F,JAZZ,2,1231,S,,Evening,Y,1990
Madonna,Vogue,1990,1990,F,POP,2,1232,S,,Night,Y,1990
R.E.M.,Everybody Hurts,1992,1990,G,ROCK,3,1233,S,,Afternoon,Y,1990
Boyzone,Father and Son,1995,1990,G,POP,2,1234,S,,Night,Y,1990
Bette Midler,From a Distance,1990,1990,F,POP,2,1235,S,,Night,Y,1990
Nirvana,Come as You Are,1991,1990,G,ROCK,2,1236,S,,Night,Y,1990
George Michael,Outside,1998,1990,M,POP,3,1237,S,,Afternoon,Y,1990
No Doubt,Don't Speak,1995,1990,G,ROCK,3,1238,S,,Afternoon,Y,1990
Mariah Carey,One Sweet Day,1995,1990,F,POP,2,1239,S,,Evening,Y,1990
Fatboy Slim,Praise You,1999,1990,M,DANCE,4,1240,S,,Morning,Y,1990
Backstreet Boys,Everybody (Backstreet's Back),1997,1990,G,POP,3,1241,S,,Afternoon,Y,1990
Aqua,Barbie Girl,1997,1990,G,POP,3,1242,S,,Afternoon,Y,1990
Pulp,Common People,1995,1990,G,ROCK,4,1243,S,,Afternoon,Y,1990
Pearl Jam,Jeremy,1991,1990,G,ROCK,4,1244,S,,Afternoon,Y,1990
Jordan Knight,Give It to You,1999,1990,M,POP,4,1245,S,,Morning,Y,1990
Eva Cassidy,Songbird,1998,1990,F,JAZZ,1,1246,S,,Evening,Y,1990
Ultra Naté,Free,1997,1990,F,DANCE,3,1247,S,,Afternoon,Y,1990
Charles & Eddie,Would I Lie to You?,1992,1990,G,POP,3,1248,S,,Afternoon,Y,1990
Backstreet Boys,I Want It That Way,1999,1990,G,POP,4,1249,S,,Morning,Y,1990
Marti Pellow,Love Is All Around,1994,1990,M,POP,4,1250,S,,Morning,Y,1990
Steps,One for Sorrow,1998,1990,G,POP,2,1251,S,,Evening,Y,1990
Lighthouse Family,Raincloud,1997,1990,G,POP,2,1252,S,,Evening,Y,1990
Eva Cassidy,Fields of Gold,1996,1990,F,JAZZ,2,1253,S,,Evening,Y,1990
Luther Vandross,Always and Forever,1994,1990,M,SOUL,3,1254,S,,Afternoon,Y,1990
Extreme,More Than Words,1990,1990,G,ROCK,2,1255,S,,Night,Y,1990
Bryan Adams,Please Forgive Me,1993,1990,M,ROCK,4,1256,S,,Afternoon,Y,1990
Robbie Williams,She's the One,1999,1990,M,POP,2,1257,S,,Night,Y,1990
Pearl Jam,Alive,1991,1990,G,ROCK,2,1258,S,,Night,Y,1990
Vanessa Williams,Save the Best for Last,1991,1990,F,POP,3,1259,S,,Afternoon,Y,1990
Van Morrison,Days Like This,1995,1990,M,POP,2,1260,S,,Night,Y,1990
Belinda Carlisle,Summer Rain,1990,1990,F,POP,4,1261,S,,Morning,Y,1990
Savage Garden,Truly Madly Deeply,1997,1990,G,POP,4,1262,S,,Morning,Y,1990
Jonny Lang,Lie to Me,1997,1990,M,ROCK,3,1263,S,,Afternoon,Y,1990
Santana,Smooth (Solo Edit),1999,1990,M,ROCK,3,1264,S,,Afternoon,Y,1990
Oasis,Live Forever,1994,1990,G,ROCK,3,1265,S,,Afternoon,Y,1990
Israel Kamakawiwo'ole,Somewhere Over the Rainbow / What a Wonderful World,1993,1990,M,POP,2,1266,S,,Night,Y,1990
Cathy Dennis,Touch Me (All Night Long),1990,1990,F,POP,4,1267,S,,Afternoon,Y,1990
Snap!,The Power,1990,1990,G,DANCE,3,1268,S,,Afternoon,Y,1990
Spice Girls,2 Become 1,1996,1990,G,POP,4,1269,S,,Afternoon,Y,1990
Shamen,Ebeneezer Goode,1992,1990,G,DANCE,2,1270,S,,Night,Y,1990
Radiohead,Creep,1992,1990,G,ROCK,4,1271,S,,Afternoon,Y,1990
Wannadies The,You and Me Song,1994,1990,G,ROCK,2,1272,S,,Evening,Y,1990
James Arthur,Say You Won't Let Go,2016,2010,M,POP,3,1273,S,,Afternoon,Y,2000
Coldplay,Yellow,2000,2000,G,ROCK,3,1274,S,,Afternoon,Y,2000
One Direction,Best Song Ever,2013,2010,G,POP,4,1275,S,,Afternoon,Y,2000
Daniel Powter,Bad Day,2005,2000,M,POP,4,1276,S,,Morning,Y,2000
Owl City,Fireflies,2009,2000,M,POP,4,1277,S,,Morning,Y,2000
Justin Bieber,Sorry,2015,2010,M,POP,3,1278,S,,Afternoon,Y,2000
James Arthur,Impossible,2012,2010,M,POP,4,1279,S,,Afternoon,Y,2000
Labrinth,Jealous,2014,2010,M,POP,3,1280,S,,Afternoon,Y,2000
Leon Jackson,When You Believe,2007,2000,M,POP,4,1281,S,,Afternoon,Y,2000
Tinchy Stryder,Bring It,2011,2010,M,RAP,4,1282,S,,Afternoon,Y,2000
Adele,Set Fire to the Rain,2011,2010,F,POP,2,1283,S,,Evening,Y,2000
Olivia Rodrigo,Vampire,2023,2020,F,POP,4,1284,S,,Morning,Y,2000
Scissor Sisters,Laura,2003,2000,G,POP,2,1285,S,,Night,Y,2000
Lady Gaga,Rain on Me,2020,2020,F,POP,2,1286,S,,Evening,Y,2000
Kylie Minogue,Padam Padam,2023,2020,F,POP,4,1287,S,,Morning,Y,2000
Michael Bublé,Everything,2007,2000,M,POP,2,1288,S,,Night,Y,2000
Dua Lipa,One Kiss,2018,2010,F,POP,4,1289,S,,Afternoon,Y,2000
Beyoncé,Texas Hold 'Em,2024,2020,F,COUNTRY,3,1290,S,,Afternoon,Y,2000
Weeknd The,Save Your Tears,2020,2020,M,POP,3,1291,S,,Afternoon,Y,2000
Daft Punk,One More Time,2000,2000,G,POP,3,1292,S,,Afternoon,Y,2000
Busted,Year 3000,2002,2000,G,POP,4,1293,S,,Afternoon,Y,2000
Stereophonics,Handbags and Gladrags,2001,2000,G,ROCK,5,1294,S,,Morning,Y,2000
Steps,Deeper Shade of Blue,2000,2000,G,POP,2,1295,S,,Evening,Y,2000
Katy Perry,Hot n Cold,2008,2000,F,POP,2,1296,S,,Night,Y,2000
Mel C,I Turn to You,2000,2000,F,POP,2,1297,S,,Evening,Y,2000
Adele,Chasing Pavements,2008,2000,F,POP,2,1298,S,,Night,Y,2000
Pixie Lott,All About Tonight,2011,2010,F,POP,3,1299,S,,Afternoon,Y,2000
Nelly Furtado,Broken Strings,2008,2000,F,POP,3,1300,S,,Afternoon,Y,2000
Adele,Send My Love (To Your New Lover),2016,2010,F,POP,3,1301,S,,Afternoon,Y,2000
Harry Styles,Watermelon Sugar,2019,2010,M,POP,2,1302,S,,Night,Y,2000
Bruno Mars,When I Was Your Man,2012,2010,M,POP,4,1303,S,,Afternoon,Y,2000
Little Mix,Sweet Melody,2020,2020,G,POP,4,1304,S,,Morning,Y,2000
Coldplay,Fix You,2005,2000,G,ROCK,4,1305,S,,Afternoon,Y,2000
Rascal Flatts,What Hurts the Most,2006,2000,G,COUNTRY,2,1306,S,,Evening,Y,2000
Razorlight,America,2006,2000,G,ROCK,3,1307,S,,Afternoon,Y,2000
Weeknd The,Blinding Lights,2019,2010,M,POP,2,1308,S,,Night,Y,2000
Justin Bieber,Love Yourself,2015,2010,M,POP,4,1309,S,,Morning,Y,2000
Sigala,Easy Love,2015,2010,M,DANCE,4,1310,S,,Afternoon,N,2000
Jess Glynne,Take Me Home,2015,2010,F,POP,2,1311,S,,Evening,Y,2000
Lily Allen,Smile,2006,2000,F,POP,2,1312,S,,Evening,Y,2000
Gwen Stefani,Hollaback Girl,2004,2000,F,POP,3,1313,S,,Afternoon,Y,2000
Sia,Cheap Thrills (Solo Version),2016,2010,F,POP,2,1314,S,,Evening,N,2000
Christina Perri,A Thousand Years,2011,2010,F,POP,2,1315,S,,Evening,Y,2000
Mark Ronson,Valerie,2007,2000,M,POP,4,1316,S,,Afternoon,Y,2000
OneRepublic,I Ain't Worried,2022,2020,G,POP,3,1317,S,,Afternoon,Y,2000
Rihanna,Take a Bow,2008,2000,F,POP,3,1318,S,,Afternoon,Y,2000
Corinne Bailey Rae,Put Your Records On,2006,2000,F,POP,2,1319,S,,Evening,Y,2000
Faith Hill,There You'll Be,2001,2000,F,COUNTRY,4,1320,S,,Afternoon,Y,2000
Shakira,Whenever Wherever,2001,2000,F,POP,2,1321,S,,Evening,Y,2000
Tom Odell,Another Love,2012,2010,M,POP,3,1322,S,,Afternoon,Y,2000
Ariana Grande,7 Rings,2019,2010,F,POP,3,1323,S,,Afternoon,Y,2000
White Stripes The,Seven Nation Army,2003,2000,G,ROCK,4,1324,S,,Morning,Y,2000
Richard Ashcroft,A Song for the Lovers,2000,2000,M,ROCK,3,1325,S,,Afternoon,Y,2000
Miley Cyrus,Wrecking Ball,2013,2010,F,POP,3,1326,S,,Afternoon,Y,2000
Jess Glynne,Don't Be So Hard on Yourself,2015,2010,F,POP,4,1327,S,,Morning,Y,2000
Hoobastank,The Reason,2003,2000,G,ROCK,3,1328,S,,Afternoon,Y,2000
Adele,When We Were Young,2015,2010,F,POP,3,1329,S,,Afternoon,Y,2000
Script,The Man Who Can't Be Moved,2008,2000,G,POP,2,1330,S,,Evening,Y,2000
Lewis Capaldi,Pointless,2022,2020,M,POP,2,1331,S,,Night,Y,2000
Script,Breakeven,2008,2000,G,POP,4,1332,S,,Morning,Y,2000
U2,Beautiful Day,2000,2000,G,ROCK,4,1333,S,,Morning,Y,2000
Pink,Get the Party Started,2001,2000,F,POP,3,1334,S,,Afternoon,Y,2000
Lady Gaga,The Edge of Glory,2011,2010,F,POP,4,1335,S,,Afternoon,Y,2000
Niall Horan,Slow Hands,2017,2010,M,POP,3,1336,S,,Afternoon,Y,2000
Katy Perry,Dark Horse (Solo Version),2013,2010,F,POP,3,1337,S,,Afternoon,Y,2000
Craig David,Fill Me In,2000,2000,M,SOUL,4,1338,S,,Afternoon,Y,2000
Charlie Puth,Attention,2017,2010,M,POP,2,1339,S,,Evening,Y,2000
Michael Bublé,It's a Beautiful Day,2013,2010,M,POP,3,1340,S,,Afternoon,Y,2000
Labrinth,Beneath Your Beautiful,2012,2010,M,POP,3,1341,S,,Afternoon,Y,2000
Coldplay,The Scientist,2002,2000,G,ROCK,3,1342,S,,Afternoon,Y,2000
Blue,All Rise,2001,2000,G,POP,4,1343,S,,Morning,Y,2000
George Michael,Amazing,2004,2000,M,POP,3,1344,S,,Afternoon,Y,2000
Keane,Everybody's Changing,2004,2000,G,ROCK,4,1345,S,,Morning,Y,2000
Coldplay,Adventure of a Lifetime,2015,2010,G,ROCK,2,1346,S,,Night,Y,2000
Sugababes,Freak Like Me,2002,2000,G,POP,2,1347,S,,Night,Y,2000
Christina Aguilera,Fighter,2002,2000,F,POP,4,1348,S,,Afternoon,Y,2000
Imagine Dragons,Thunder,2017,2010,G,ROCK,4,1349,S,,Afternoon,Y,2000
Michelle McManus,All This Time,2003,2000,F,POP,2,1350,S,,Evening,Y,2000
Bruno Mars,Grenade,2010,2010,M,POP,3,1351,S,,Afternoon,Y,2000
Scouting for Girls,She's So Lovely,2007,2000,G,POP,4,1352,S,,Afternoon,Y,2000
Britney Spears,Oops!... I Did It Again,2000,2000,F,POP,2,1353,S,,Night,Y,2000
Mumford & Sons,I Will Wait,2012,2010,G,ROCK,4,1354,S,,Afternoon,Y,2000
Dua Lipa,Be the One,2015,2010,F,POP,2,1355,S,,Night,Y,2000
Daft Punk,Get Lucky,2013,2010,G,DANCE,2,1356,S,,Evening,Y,2000
Rui Da Silva,Touch Me,2001,2000,M,DANCE,2,1357,S,,Evening,N,2000
Atomic Kitten,Whole Again,2001,2000,G,POP,3,1358,S,,Afternoon,Y,2000
Fragma,Toca's Miracle,2000,2000,G,POP,4,1359,S,,Afternoon,Y,2000
Nickelback,How You Remind Me,2001,2000,G,ROCK,2,1360,S,,Night,Y,2000
Aaliyah,Try Again,2000,2000,F,SOUL,4,1361,S,,Morning,Y,2000
Adele,Easy on Me,2021,2020,F,POP,3,1362,S,,Afternoon,Y,2000
Lewis Capaldi,Someone You Loved,2018,2010,M,POP,3,1363,S,,Afternoon,Y,2000
Amy Winehouse,Back to Black,2006,2000,F,SOUL,2,1364,S,,Night,Y,2000
Taylor Swift,Blank Space,2014,2010,F,POP,4,1365,S,,Morning,Y,2000
Dua Lipa,Scared to Be Lonely,2017,2010,F,POP,3,1366,S,,Afternoon,Y,2000
Daniel Bedingfield,Gotta Get Thru This,2001,2000,M,DANCE,2,1367,S,,Evening,Y,2000
Ed Sheeran,Eyes Closed,2023,2020,M,POP,2,1368,S,,Night,Y,2000
Dido,Stan,2000,2000,F,POP,4,1369,S,,Afternoon,N,2000
Florence + The Machine,Shake It Out,2011,2010,F,POP,3,1370,S,,Afternoon,Y,2000
Dua Lipa,New Rules,2017,2010,F,POP,3,1371,S,,Afternoon,Y,2000
Girls Aloud,Sound of the Underground,2002,2000,G,POP,3,1372,S,,Afternoon,Y,2000
Kylie Minogue,Can't Get You Out of My Head,2001,2000,F,POP,2,1373,S,,Evening,Y,2000
All Saints,Black Coffee,2000,2000,G,POP,3,1374,S,,Afternoon,Y,2000
Ludacris,Baby,2010,2010,M,RAP,3,1375,S,,Afternoon,N,2000
Gnarls Barkley,Crazy,2006,2000,G,POP,4,1376,S,,Afternoon,Y,2000
Alicia Keys,Empire State of Mind (Part II) Broken Down,2009,2000,F,SOUL,2,1377,S,,Night,Y,2000
Mumford & Sons,The Cave,2009,2000,G,ROCK,2,1378,S,,Night,Y,2000
Avril Lavigne,Complicated,2002,2000,F,POP,3,1379,S,,Afternoon,Y,2000
Beyoncé,Cuff It,2022,2020,F,SOUL,3,1380,S,,Afternoon,Y,2000
Kimbra,Somebody That I Used to Know,2011,2010,F,POP,2,1381,S,,Evening,N,2000
Beyoncé,Baby Boy,2003,2000,F,SOUL,3,1382,S,,Afternoon,Y,2000
David Guetta,When Love Takes Over,2009,2000,M,DANCE,3,1383,S,,Afternoon,Y,2000
Nelly Furtado,I'm Like a Bird,2000,2000,F,POP,4,1384,S,,Morning,Y,2000
Maroon 5,Memories,2019,2010,G,POP,2,1385,S,,Night,Y,2000
Louis Tomlinson,Back to You (Solo Version),2017,2010,M,POP,2,1386,S,,Night,Y,2000
Kings of Leon,Sex on Fire,2008,2000,G,ROCK,2,1387,S,,Evening,Y,2000
Will Young,Your Game,2004,2000,M,POP,3,1388,S,,Afternoon,Y,2000
Rihanna,Stay,2013,2010,F,POP,2,1389,S,,Evening,Y,2000
Kaiser Chiefs,Ruby,2007,2000,G,ROCK,4,1390,S,,Afternoon,Y,2000
One Direction,Night Changes,2014,2010,G,POP,3,1391,S,,Afternoon,Y,2000
OneRepublic,Stop and Stare,2007,2000,G,POP,4,1392,S,,Afternoon,Y,2000
Nelly Furtado,Say It Right,2006,2000,F,POP,3,1393,S,,Afternoon,Y,2000
Katy Perry,Teenage Dream,2010,2010,F,POP,4,1394,S,,Morning,Y,2000
Justin Bieber,Baby,2010,2010,M,POP,3,1395,S,,Afternoon,Y,2000
Sam Smith,I'm Not the Only One,2014,2010,M,POP,2,1396,S,,Night,Y,2000
George Ezra,Blame It on Me,2014,2010,M,POP,2,1397,S,,Night,Y,2000
Tom Walker,Leave a Light On,2017,2010,M,POP,2,1398,S,,Night,Y,2000
Jack Johnson,Better Together,2005,2000,M,ROCK,2,1399,S,,Evening,Y,2000
Rag'n'Bone Man,Skin,2017,2010,M,SOUL,2,1400,S,,Evening,Y,2000
Bruno Mars,The Lazy Song,2010,2010,M,POP,4,1401,S,,Morning,Y,2000
Maroon 5,She Will Be Loved,2004,2000,G,POP,3,1402,S,,Afternoon,Y,2000
James Morrison,Broken Strings,2008,2000,M,POP,2,1403,S,,Night,Y,2000
Enrique Iglesias,Hero,2001,2000,M,POP,4,1404,S,,Afternoon,Y,2000
Incubus,Drive,2000,2000,G,ROCK,4,1405,S,,Morning,Y,2000
Elvis Presley,A Little Less Conversation (JXL Remix),2002,2000,M,POP,5,1406,S,,Morning,Y,2000
Whitney Houston,Million Dollar Bill,2009,2000,F,POP,4,1407,S,,Afternoon,Y,2000
Outkast,Hey Ya!,2003,2000,G,POP,4,1408,S,,Afternoon,Y,2000
Hozier,Too Sweet,2024,2020,M,ROCK,3,1409,S,,Afternoon,Y,2000
Drake,One Dance,2016,2010,M,POP,4,1410,S,,Morning,Y,2000
Paloma Faith,Only Love Can Hurt Like This,2014,2010,F,POP,4,1411,S,,Afternoon,Y,2000
Maroon 5,Moves Like Jagger (Solo Edit),2011,2010,G,POP,4,1412,S,,Morning,Y,2000
Britney Spears,Lucky,2000,2000,F,POP,3,1413,S,,Afternoon,Y,2000
Katie Melua,The Closest Thing to Crazy,2003,2000,F,POP,3,1414,S,,Afternoon,Y,2000
Pink,Just Like a Pill,2001,2000,F,POP,4,1415,S,,Afternoon,Y,2000
Lily Allen,Somewhere Only We Know,2013,2010,F,POP,4,1416,S,,Morning,Y,2000
Pink,Raise Your Glass,2010,2010,F,POP,2,1417,S,,Night,Y,2000
Stereophonics,Maybe Tomorrow,2003,2000,G,ROCK,5,1418,S,,Afternoon,Y,2000
Aloe Blacc,I Need a Dollar,2010,2010,M,SOUL,3,1419,S,,Afternoon,Y,2000
Passenger,Let Her Go,2012,2010,M,POP,4,1420,S,,Afternoon,Y,2000
Billie Eilish,Ocean Eyes,2016,2010,F,POP,2,1421,S,,Evening,Y,2000
Olly Murs,Please Don't Let Me Go,2010,2010,M,POP,2,1422,S,,Evening,Y,2000
Lily Allen,The Fear,2008,2000,F,POP,3,1423,S,,Afternoon,Y,2000
Paolo Nutini,Iron Sky,2014,2010,M,POP,4,1424,S,,Morning,Y,2000
Take That,Shine,2007,2000,G,POP,2,1425,S,,Night,Y,2000
Liberty X,Just a Little,2002,2000,G,POP,3,1426,S,,Afternoon,Y,2000
Will Young,Light My Fire,2002,2000,M,POP,3,1427,S,,Afternoon,Y,2000
James Blunt,1973,2007,2000,M,POP,2,1428,S,,Night,Y,2000
Amy Winehouse,Tears Dry on Their Own,2006,2000,F,SOUL,4,1429,S,,Afternoon,Y,2000
Lorde,Royals,2013,2010,F,POP,4,1430,S,,Afternoon,Y,2000
Backstreet Boys,Shape of My Heart,2000,2000,G,POP,2,1431,S,,Evening,Y,2000
Noel Gallagher's High Flying Birds,In the Heat of the Moment,2014,2010,G,ROCK,2,1432,S,,Night,Y,2000
Natasha Bedingfield,Unwritten,2004,2000,F,POP,3,1433,S,,Afternoon,Y,2000
Jessie J,Domino,2011,2010,F,POP,3,1434,S,,Afternoon,Y,2000
Jools Holland,Enjoy Yourself,2000,2000,M,JAZZ,3,1435,S,,Afternoon,Y,2000
Emma Bunton,What Took You So Long?,2001,2000,F,POP,2,1436,S,,Evening,Y,2000
Gotye,Somebody That I Used to Know,2011,2010,M,POP,2,1437,S,,Night,Y,2000
Emeli Sandé,Clown,2012,2010,F,SOUL,4,1438,S,,Morning,Y,2000
Little Mix,Shout Out to My Ex,2016,2010,G,POP,4,1439,S,,Afternoon,Y,2000
Panic! At The Disco,High Hopes,2018,2010,G,ROCK,4,1440,S,,Morning,Y,2000
Ariana Grande,Positions,2020,2020,F,POP,3,1441,S,,Afternoon,Y,2000
Ed Sheeran,Castle on the Hill,2017,2010,M,POP,4,1442,S,,Afternoon,Y,2000
Take That,Rule the World,2007,2000,G,POP,3,1443,S,,Afternoon,Y,2000
Wheatus,Teenage Dirtbag,2000,2000,G,ROCK,2,1444,S,,Night,Y,2000
Pussycat Dolls,Don't Cha (Solo Edit),2005,2000,G,POP,4,1445,S,,Afternoon,Y,2000
Billie Eilish,Bad Guy,2019,2010,F,POP,4,1446,S,,Afternoon,Y,2000
Kylie Minogue,Spinning Around,2000,2000,F,POP,2,1447,S,,Evening,Y,2000
Amy Winehouse,Love Is a Losing Game,2006,2000,F,SOUL,4,1448,S,,Morning,Y,2000
All Saints,Pure Shores,2000,2000,G,POP,3,1449,S,,Afternoon,Y,2000
Pink,Trustfall,2023,2020,F,POP,2,1450,S,,Evening,Y,2000
Britney Spears,Womanizer,2008,2000,F,POP,3,1451,S,,Afternoon,Y,2000
Sugababes,Push the Button,2005,2000,G,POP,2,1452,S,,Evening,Y,2000
Gareth Gates,Anyone of Us (Stupid Mistake),2002,2000,M,POP,2,1453,S,,Evening,Y,2000
Olivia Rodrigo,Drivers License,2021,2020,F,POP,3,1454,S,,Afternoon,Y,2000
Lewis Capaldi,Hold Me While You Wait,2019,2010,M,POP,3,1455,S,,Afternoon,Y,2000
Kelly Rowland,When Love Takes Over,2009,2000,F,SOUL,4,1456,S,,Morning,Y,2000
James Blunt,You're Beautiful,2005,2000,M,POP,3,1457,S,,Afternoon,Y,2000
Las Ketchup,The Ketchup Song (Aserejé),2002,2000,G,POP,4,1458,S,,Morning,Y,2000
Linkin Park,In the End,2000,2000,G,ROCK,4,1459,S,,Morning,Y,2000
Amy Winehouse,You Know I'm No Good,2006,2000,F,SOUL,2,1460,S,,Evening,Y,2000
Lewis Capaldi,Forget Me,2022,2020,M,POP,3,1461,S,,Afternoon,Y,2000
Bruno Mars,Uptown Funk,2014,2010,M,POP,4,1462,S,,Morning,Y,2000
Lady Gaga,Paparazzi,2009,2000,F,POP,3,1463,S,,Afternoon,Y,2000
Adele,Someone Like You,2011,2010,F,POP,3,1464,S,,Afternoon,Y,2000
Ed Sheeran,Galway Girl,2017,2010,M,POP,4,1465,S,,Afternoon,Y,2000
Jay-Z,Crazy in Love,2003,2000,M,RAP,3,1466,S,,Afternoon,Y,2000
Justin Timberlake,Mirrors,2013,2010,M,POP,4,1467,S,,Morning,Y,2000
Lukas Graham,7 Years,2015,2010,G,POP,4,1468,S,,Afternoon,Y,2000
Alicia Keys,Girl on Fire,2012,2010,F,SOUL,2,1469,S,,Evening,Y,2000
Beyoncé,Irreplaceable,2006,2000,F,SOUL,4,1470,S,,Afternoon,Y,2000
Bastille,Pompeii,2013,2010,G,POP,4,1471,S,,Afternoon,Y,2000
Robbie Williams,Rock DJ,2000,2000,M,POP,3,1472,S,,Afternoon,Y,2000
Adele,Make You Feel My Love,2008,2000,F,POP,4,1473,S,,Morning,Y,2000
Usher,Climax,2012,2010,M,SOUL,3,1474,S,,Afternoon,Y,2000
Killers The,Mr. Brightside,2003,2000,G,ROCK,3,1475,S,,Afternoon,Y,2000
Billie Eilish,What Was I Made For?,2023,2020,F,POP,2,1476,S,,Night,Y,2000
Jessie J,Flashlight,2015,2010,F,POP,3,1477,S,,Afternoon,Y,2000
Modjo,Lady (Hear Me Tonight),2000,2000,G,POP,4,1478,S,,Afternoon,Y,2000
Ed Sheeran,Thinking Out Loud,2014,2010,M,POP,3,1479,S,,Afternoon,Y,2000
One Direction,Drag Me Down,2015,2010,G,POP,4,1480,S,,Morning,Y,2000
Amy Winehouse,Valerie,2007,2000,F,SOUL,4,1481,S,,Afternoon,Y,2000
Ariana Grande,No Tears Left to Cry,2018,2010,F,POP,2,1482,S,,Evening,Y,2000
Killers The,Somebody Told Me,2004,2000,G,ROCK,4,1483,S,,Afternoon,Y,2000
Taylor Swift,All Too Well (10 Minute Version),2021,2020,F,POP,4,1484,S,,Afternoon,Y,2000
Amy Winehouse,Valerie (Solo Version),2007,2000,F,SOUL,4,1485,S,,Afternoon,Y,2000
Adele,Skyfall,2012,2010,F,POP,2,1486,S,,Night,Y,2000
James Blunt,Goodbye My Lover,2005,2000,M,POP,2,1487,S,,Evening,Y,2000
Beyoncé,Single Ladies (Put a Ring on It),2008,2000,F,SOUL,3,1488,S,,Afternoon,Y,2000
Duncan Laurence,Arcade,2019,2010,M,POP,3,1489,S,,Afternoon,Y,2000
Avicii,Hey Brother,2013,2010,M,DANCE,4,1490,S,,Morning,Y,2000
Green Day,Boulevard of Broken Dreams,2004,2000,G,ROCK,3,1491,S,,Afternoon,Y,2000
Luis Fonsi,Despacito,2017,2010,M,POP,3,1492,S,,Afternoon,Y,2000
Ellie Goulding,How Long Will I Love You,2013,2010,F,POP,3,1493,S,,Afternoon,Y,2000
Robbie Williams,Feel,2002,2000,M,POP,2,1494,S,,Night,Y,2000
Ed Sheeran,Bad Habits,2021,2020,M,POP,4,1495,S,,Morning,Y,2000
Shaggy,It Wasn't Me,2000,2000,M,REGGAE,4,1496,S,,Morning,Y,2000
Johnny Cash,Hurt,2002,2000,M,COUNTRY,4,1497,S,,Morning,Y,2000
Jack Johnson,Upside Down,2006,2000,M,ROCK,3,1498,S,,Afternoon,Y,2000
Killers The,All These Things That I've Done,2004,2000,G,ROCK,2,1499,S,,Night,Y,2000
Leona Lewis,A Moment Like This,2006,2000,F,POP,2,1500,S,,Evening,Y,2000
Gareth Gates,Unchained Melody,2002,2000,M,POP,3,1501,S,,Afternoon,Y,2000
B.o.B,Price Tag,2011,2010,M,RAP,2,1502,S,,Night,Y,2000
Sam Smith,Too Good at Goodbyes,2017,2010,M,POP,2,1503,S,,Night,Y,2000
Wanted,Glad You Came,2011,2010,G,POP,4,1504,S,,Morning,Y,2000
Emeli Sandé,Beneath Your Beautiful,2012,2010,F,POP,2,1505,S,,Night,Y,2000
Luther Vandross,Dance with My Father,2003,2000,M,SOUL,4,1506,S,,Afternoon,Y,2000
S Club 7,Don't Stop Movin',2001,2000,G,POP,2,1507,S,,Evening,Y,2000
Girls Aloud,Call the Shots,2007,2000,G,POP,2,1508,S,,Night,Y,2000
Foster the People,Pumped Up Kicks,2010,2010,G,ROCK,2,1509,S,,Night,Y,2000
Sheryl Crow,The First Cut Is the Deepest,2003,2000,F,ROCK,4,1510,S,,Afternoon,Y,2000
Bruno Mars,Just the Way You Are,2010,2010,M,POP,3,1511,S,,Afternoon,Y,2000
Black Eyed Peas,Where Is the Love?,2003,2000,G,POP,4,1512,S,,Afternoon,Y,2000
Katy Perry,Roar,2013,2010,F,POP,4,1513,S,,Afternoon,Y,2000
Idina Menzel,Let It Go,2013,2010,F,POP,2,1514,S,,Evening,Y,2000
Jennifer Lopez,Jenny from the Block,2002,2000,F,POP,2,1515,S,,Evening,Y,2000
Leona Lewis,Bleeding Love,2007,2000,F,POP,4,1516,S,,Morning,Y,2000
Black Eyed Peas,I Gotta Feeling,2009,2000,G,POP,4,1517,S,,Morning,Y,2000
Lana Del Rey,Summertime Sadness,2012,2010,F,POP,3,1518,S,,Afternoon,Y,2000
Jessie J,Price Tag,2011,2010,F,POP,3,1519,S,,Afternoon,Y,2000
Coldplay,Paradise,2011,2010,G,ROCK,4,1520,S,,Morning,Y,2000
Ed Sheeran,The A Team,2011,2010,M,POP,2,1521,S,,Evening,Y,2000
Shakira,Hips Don't Lie (Solo Version),2006,2000,F,POP,2,1522,S,,Night,Y,2000
